Quelle,Stadt,Dateibezeichnung,Format,Beschreibung,Zeitlicher Bezug,Lizenz,Kosten,Veröffentlichende Stelle,Arbeitsmarkt,Bevölkerung,Bildung und Wissenschaft,Haushalt und Steuern,Stadtentwicklung und Bebauung,Wohnen und Immobilien,Sozialleistungen,Öffentl. Sicherheit,Gesundheit,Kunst und Kultur,Land- und Forstwirtschaft,Sport und Freizeit,Umwelt,Transport und Verkehr,"Energie, Ver- und Entsorgung",Politik und Wahlen,Gesetze und Justiz,Wirtschaft und Wirtschaftsförderung,Tourismus,Verbraucher,Sonstiges,Noch nicht kategorisiert,,URL
d,hamburg.de,Open Data Portal - Hamburg,DATA,"Die Freie und Hansestadt Hamburg bietet Ihnen auf diesem Portal (Beta-Version) zahlreiche Datensätze, Dienste und Anwendungen der Behörden und Ämter an. Die Datensätze werden von der Verwaltung im Sinne von ""Open Data"" frei verfügbar und nutzbar zur Verfügung gestellt. Sie können entsprechend der Nutzungsbedingungen und Lizenzen weiterverwendet werden, beispielweise für die Entwicklung von Apps. Mehr über die Rahmenbedingungen gibt es unter ""Information"" und in dem Artikel ""Rechtliches"". Die Inhalte des Portals werden fortlaufend ergänzt und weitere Datensätze aufgenommen.",,dl-de-by-1.0,,,,,,,,,,,,,,,,,,,,,,,,x,,
b ,hamburg.de,www.hamburg.de,XLSX,"Schülerinnen und Schüler mit sonderpädagogischem Förderbedarf an allgemeinen Schulen und Sonderschulen nach Schulform, Klassenart und ",,nicht bekannt,,Herbststatistik 2012,,,x,,,,,,,,,,,,,,,,,,,,12 45 5 1 2 5 6 0 0 62 14 76. 78 35 61 19 4 13 116 106 1 174 259 433 0.11850027367268746. 485 124 244 6 0 4 16 17 1 853 44 897 0.24548440065681446. 891 744 402 38 6 ...,http://www.hamburg.de/contentblob/3834460/data/schueler-sonder.xlsx
d,hamburg.de,Organigramm Rechnungshof (aktuell),PDF,Organigramm Rechnungshof,,dl-de-by-1.0,,Rechnungshof,,,,x,,,,,,,,,,,,,,,,,x,,,http://www.hamburg.de/rechnungshof/
g ,hamburg.de,Klassen_Schüler je Schule 2008,XLS,"Freie und Hansestadt Hamburg - Behörde für Schule und Berufsbildung - Referat für Unternehmensdatenmanagement und Statistik - Sachgebiet Statistik, V 122",,nicht bekannt,,,,,x,,,,,,,,,,,,,,,,,,,,,https://www.hamburg.de/contentblob/1159846/data/ex-klasse-schueler-2008-09.xls
b ,hamburg.de,www.hamburg.de,XLS,Eröffnungsbilanz der Freien und Hansestadt Hamburg zum 1. Januar 2006,,nicht bekannt,,,,,,x,,,,,,,,,,,,,,,,,,,Tabelle3 Bilanz Aktiva Passiva A. Anlagevermögen A. Eigenkapital I. Immaterielle Vermögensgegenstände II. Sachanlagen B. Sonderposten I. Sonderposten für ...,http://www.hamburg.de/contentblob/23830/data/zahlenwerk-kurzversion.xls
g ,hamburg.de,Kapazitätsauslastung 2012 Dekanat Tolasch ohne MKG,XLSX,Bettenstatistik 2012,,nicht bekannt,,,,,,,,,,,,,,,,,,,,,,,,,,http://justiz.hamburg.de/contentblob/4311654/data/bettenstatistik2012xlsx.xlsx
d,hamburg.de,Landesgrundbesitzverzeichnis,"GML,WMS","Das Landesgrundbesitzverzeichnis dient der Freien und Hansestadt Hamburg als Nachweis über alle landeseigenen Grundstücke und grundstücksgleichen Rechte. 

Landeseigener Grundbesitz ist in dem Verzeichnis auch dann aufgelistet, wenn er aufgrund dinglicher (Erbbaurechte u. ä.) oder obligatorischer (Miet- oder Pachtverträge u. ä.) Rechte Dritten überlassen ist.

Das Verzeichnis gliedert sich in das Allgemeine Grundvermögen, das Verwaltungs- (z.B. Straßenflächen) und Sondervermögen (z.B. Schulimmobilien).",,dl-de-by-1.0,,"Landesbetrieb Immobilienmanagement und Grundvermögen, Flächen- und Portfoliomanagement (Abteilung 45)
Management der Datenbanken und des grafischen Informationssystems (Referat 452)",,,,,x,x,,,,,,,,,,,,,,,,,,http://immobilien-lig.hamburg.de
b ,hamburg.de,www.hamburg.de,XLS,Verzeichnis von Schulen,,nicht bekannt,,,,,x,,,,,,,,,,,,,,,,,,,,Tabelle3 Tabelle2 Tabelle1 Schulname Schulformen Zuständigkeit Abendgymnasium St.Georg Mitte Abendgymnasium vor dem Holstentor Gy Adolph-Diesterweg-Schule,http://www.hamburg.de/contentblob/66932/data/zustaendigkeit-rebus-schulen.xls
g ,hamburg.de,Schuljahreserhebung 2013,XLSX,"Behörde für Schule und Berufsbildung, Referat Datenmanagement, Sachgebiet Datenerhebung und -bereitstellung - Klassen in allgemeinbildeneden Schulen ( ohne Sekundarstufe II und Erwachsenenbildung im Schuljahr 2013-14",,nicht bekannt,,,,,x,,,,,,,,,,,,,,,,,,,,,http://www.hamburg.de/contentblob/4262818/data/as-klassen-2013-excel.xlsx
g ,hamburg.de,Bericht 1. Halbjahr 2013 (Excel-Dokument),XLSX,Bericht über die von den hamburgischen Mehrheitsbeteiligungen aus dem Zuständigkeitsbereich der Behörde für Stadtentwicklung und Umweltgeleisteten Spenden und Spendenähnliche Zuwendungen ab 2.500 Euro im Einzelwert,,nicht bekannt,,,,,,x,x,,,,,,,,x,,,,,,,,,,,http://www.hamburg.de/contentblob/4113132/data/bsu-spendenbericht-1-halbjahr-2013.xlsx
g ,hamburg.de,Excel,XLS,"Behörde für Schule und Berufsbildung, Referat Datenmanagement - V 12 -, Sachgebiet Datenerhebung und Bereitstellung - V 122 - Schülerinnen und Schüler in privaten Schulen im Schuljahr 2012-23",,nicht bekannt,,,,,x,,,,,,,,,,,,,,,,,,,,,http://www.hamburg.de/contentblob/3894914/data/berufsbildend-privat-excel.xls
d,hamburg.de,Kraftfahrzeuge in Hamburg,XLS,"KFZ in Hamburg, dargstellt nach PKW und LKW, mit und ohne Anhänger, nach Gewicht und Hubraum, Zulassungen und Bestand sowie in einer Zeitreihe.",,dl-de-by-1.0,,"Statistisches Amt für Hamburg und Schleswig-Holstein, Vertrieb des Statistikamts Nord",,,,,,,,,,,,,,x,,,,,,,,,,http://www.statistik-nord.de/daten/
g ,hamburg.de,Zeitreihe Schulen01-09,XLS,Anzahl staatlicher und nicht staatlicher Schulen in Hamburg 2001 bis 2009,,nicht bekannt,,,,,x,,,,,,,,,,,,,,,,,,,,,https://www.hamburg.de/contentblob/1163022/data/ex-zahl-schulen-2001-2009.xls
b ,hamburg.de,Konzernbilanz und Ergebnisrechnung 2007 - hamburg.de ...,XLS,Konzernabschluss 2008 / Konzernbilanz,,nicht bekannt,,Freie und Hansestadt Hamburg,,,,x,,,,,,,,,,,,,,,,,,,Title: Konzernbilanz und Ergebnisrechnung 2007 Subject: Geschäftsbericht der FHH Author: Stefanie Scholz Created Date: 11/7/2008 12:20:40 PM Manager,http://www.hamburg.de/contentblob/2056680/data/konzernabschluss-2008-langfassung.xls
g ,hamburg.de,Bericht 2. Halbjahr 2013,XLSX,"Bericht der Behörde für Wirtschaft, Verkehr und Innovation über Zuwendungen in Form von Sponsoring, Spenden und mäzenatischen Schenkungen",,nicht bekannt,,,,,,x,,,,,,,,,,,,,,x,,,,,,http://www.hamburg.de/contentblob/4262448/data/bwf-sponsoringbericht-2-halbjahr-2013.xlsx
g ,hamburg.de,Jahresabschluss 2007 Kurzfassung,XLS,Kurzbilanz 2007,,nicht bekannt,,,,,,x,,,,,,,,,,,,,,,,,,,,http://www.hamburg.de/contentblob/860984/data/jahresabschluss-2007-kurz.xls
b ,hamburg.de,www.hamburg.de,XLS,Schüler/ Schülerinnen in staatlichen beruflichen Schulen in Hamburg im Schuljahr 2007/2008,,nicht bekannt,,Herbsterhebung mit Stichtag 21.9.2007,,,x,,,,,,,,,,,,,,,,,,,,Author: rayietur Last modified by: rayietur Created Date: 12/10/2007 3:04:38 PM Company: Freie und Hansestadt Hamburg Other titles: Deckblatt Seite 0 Übersicht ...,http://www.hamburg.de/contentblob/349210/data/ex-zahl-schueler-berufl-schulen-2007-08.xls
g ,hamburg.de,,XLS,"Gestorbene infolge ausgewählter bösartiger Neubildungen nach Geschlecht, Hamburg, 2008",2008,nicht bekannt,,Statistisches Amt für Hamburg und Schleswig-Holstein; eigene Berechnungen ,x,,,,,,,,x,,,,,,,,,,,,,,,http://www.hamburg.de/contentblob/1962814/data/tab-3-77-2008.xls
g ,hamburg.de,Tab-3.77-2003,XLS,"Gestorbene infolge ausgewählter bösartiger Neubildungen nach Geschlecht, Hamburg, 2003",,nicht bekannt,,Statistisches Amt für Hamburg und Schleswig-Holstein; eigene Berechnungen,,,,,,,,,x,,,,,,,,,,,,,,,http://www.hamburg.de/contentblob/1336174/data/tab-3-77-2003.xls
g ,hamburg.de,,XLS,"Nichtdeutsche Bevölkerung nach Alter und Geschlecht, Hamburg, 2009",2009,nicht bekannt,,Statistisches Amt für Hamburg und Schleswig-Holstein; eigene Berechnungen,,x,,,,,,,,,,,,,,,,,,,,,,http://www.hamburg.de/contentblob/2481952/data/tab-2-4-2009.xls
d,hamburg.de,Organigramm des Bezirksamtes Eimsbüttel (aktuell),PDF,Organigramm des Bezirksamtes Eimsbüttel.,,dl-de-by-1.0,,"Bezirksämter, Bezirksamt Eimsbüttel",,,,x,,,,,,,,,,,,,,,,,x,,,http://www.hamburg.de/eimsbuettel/
g ,hamburg.de,,XLS,"Gestorbene infolge vorsätzlicher Selbstbeschädigung (Suizidsterbefälle) nach Alter und Geschlecht, Hamburg, 2012",2012,nicht bekannt,,Statistisches Amt für Hamburg und Schleswig-Holstein; eigene Berechnungen,,x,,,,,,,x,,,,,,,,,,,,,,,http://www.hamburg.de/contentblob/4107488/data/tab-3-88-2012.xls
b ,hamburg.de,www.hamburg.de,XLSX,Gesamtübersicht der Schülerinnen und Schüler (staatlich und nicht-staatlich) der Schuljahre 2011/12 und 2012/13 und ihre Differenz,,nicht bekannt,, Herbststatistik 2011 u. 2012,,,x,,,,,,,,,,,,,,,,,,,,49905 7440 57345 50364 7439 57803 459 9.1974752028854828e-3-1-1.3440860215053763e-4 458 7.9867468829017355e-3. 945 945 282 282-663-0.70158730158730154 0 0-663,http://www.hamburg.de/contentblob/3834194/data/vergleich-schueler.xlsx
g ,hamburg.de,Excel,XLS,Schulabgängerinnen und Schulabgänger aus Hamburger allgemein bildenden Schulen im Schuljahr 2006/ 07,,nicht bekannt,,,,,x,,,,,,,,,,,,,,,,,,,,,http://www.hamburg.de/contentblob/1161900/data/ex-zahl-schulabgaenger-2006-07.xls
g ,hamburg.de,,XLS,"Vermeidbare Sterbefälle nach ausgewählten Diagnosen und Geschlecht, Hamburg, 2010",2010,nicht bekannt,,Statistisches Amt für Hamburg und Schleswig-Holstein; eigene Berechnungen,,x,,,,,,,x,,,,,,,,,,,,,,,http://www.hamburg.de/contentblob/3064030/data/tab-3-13-2010.xls
g ,hamburg.de,,XLS,"Nichtdeutsche Bevölkerung nach Alter und Geschlecht, Hamburg, 2012",2012,nicht bekannt,,Statistisches Amt für Hamburg und Schleswig-Holstein; eigene Berechnungen,,x,,,,,,,,,,,,,,,,,,,,,,http://www.hamburg.de/contentblob/4107522/data/tab-2-4-2012.xls
g ,hamburg.de,Deckblatt,XLS,Freie und Hansestadt Hamburg - Behörde für Bildung und Sport - Referat für Unternehmensdaten und Statistik - Sachgebiet Statistik - Private berufliche Schulen in Hamburg im Schuljahr 2007-2008,,nicht bekannt,,,,,x,,,,,,,,,,,,,,,,,,,,,http://www.hamburg.de/contentblob/349210/data/zahl-schueler-berufl-schulen-2007-08-ex.xls
d,hamburg.de,Integrierte Stadtteilentwicklung - RISE - Fördergebiete in Hamburg,"GML,WMS,PDF,DATA","Die Karte zeigt die Fördergebiete des Hamburger Rahmenprogramms Integrierte Stadtteilentwicklung (RISE). RISE bildet das programmatische Dach der Städtebauförderung auf der Landesebene. Es umfasst die Gebiete der Bund-Länder-Städtebauförderung in den Programmbereichen Städtebauliche Sanierung, Stadtumbau West, Aktive Stadt- und Ortsteilzentren, Städtebaulicher Denkmalschutz und Soziale Stadt sowie landesfinanzierte Fördergebiete. Weitere Informationen: <a href=""http://www.hamburg.de/rise"" target=""_blank"">www.hamburg.de/rise</a>",,dl-de-by-1.0,,"Behörde für Stadtentwicklung und Umwelt, Amt für Wohnen, Stadterneuerung und Bodenordnung",,,,,x,x,,,,,,,,,,,,,,,,,,http://www.hamburg.de/rise
d,hamburg.de,Naturdenkmale in Hamburg,"GML,WMS","Die Naturdenkmale des Nationalparks werden als Vektorkoordinaten gemäß Koordinatensystem EPSG::25832 bereitgestellt.
Als Naturdenkmal können Einzelschöpfungen der Natur, deren besonderer Schutz aus wissenschaftlichen, naturgeschichtlichen oder landeskundlichen Gründen oder wegen ihrer Seltenheit, Eigenart oder Schönheit erforderlich ist, ausgewiesen werden. Als Einzelschöpfungen der Natur gelten insbesondere alte oder seltene Bäume und Baumgruppen, erdgeschichtliche Aufschlüsse, Gletscherspuren, Findlinge, Quellen, Gewässer, Dünen, Bracks, Tümpel und Moore.",,dl-de-by-1.0,,"Behörde für Stadtentwicklung und Umwelt, Amt für Natur- und Ressourcenschutz",,,,,,,,,,,,,x,,,,,,,,,,,http://www.hamburg.de/naturschutz/147492/naturdenkmale.html
g ,hamburg.de,vorherige Schulen,XLS,Liste von Schulen mit Schulnummern,,nicht bekannt,,,,,x,,,,,,,,,,,,,,,,,,,,,http://www.hamburg.de/contentblob/2834484/data/vorherige-schulen.xls
g ,hamburg.de,allgemeinbildende Schulen » (VND.MS-EXCEL,XLS,Foerderungsverzeichnis,,nicht bekannt,,,,,x,,,,,,x,,,,,,,,,,,,,,,http://www.hamburg.de/contentblob/2834448/data/foerderungen.xls
g ,hamburg.de,Der Haushaltsplan 2007/8 als Excel-Datei,XLS,Haushaltsplan,,nicht bekannt,,,,,,x,,,,,,,,,,,,,,,,,,,,http://www.hamburg.de/contentblob/24082/data/haushaltsplan-excel-2007-8.xls
g ,hamburg.de,Tabelle1,XLSX,"Bericht der Behörde für Schule und Berufsbildung über Zuwendungen in Form von Sponsoring, Spenden und mäzenatischen Schenkungen",,nicht bekannt,,,,,x,x,,,,,,,,,,,,,,,,,,,,http://www.hamburg.de/contentblob/4269360/data/bsb-sponsoringbericht-2-halbjahr-2013.xlsx
g ,hamburg.de,allgemeinbildende Schulen » (VND.MS-EXCEL,XLS,Herkunftsländer,,nicht bekannt,,,,,x,,,,,,,,,,,,,,,,,,,,,http://www.hamburg.de/contentblob/2834454/data/herkunftslaender.xls
g ,hamburg.de,,XLS,"Gestorbene infolge vorsätzlicher Selbstbeschädigung (Suizidsterbefälle) nach Alter und Geschlecht, Hamburg, 2008",2008,nicht bekannt,,Statistisches Amt für Hamburg und Schleswig-Holstein; eigene Berechnungen ,x,,,,,,,,x,,,,,,,,,,,,,,,http://www.hamburg.de/contentblob/1962820/data/tab-3-88-2008.xls
g ,hamburg.de,Tabelle,XLS,"Verletzungen und Vergiftungen nach Geschlecht, Hamburg, Zeitvergleich",,nicht bekannt,,Statistisches Amt für Hamburg und Schleswig-Holstein; eigene Berechnungen,,x,,,,,,,x,,,,,,,,,,,,,,,http://www.hamburg.de/contentblob/3599776/data/tab-3-110-2012.xls
g ,hamburg.de,,XLS,"Bevölkerung nach Alter und Geschlecht, Hamburg, 2002",2002,nicht bekannt,,Statistisches Amt für Hamburg und Schleswig-Holstein: Bevölkerungsstatistik,,x,,,,,,,,,,,,,,,,,,,,,,http://www.hamburg.de/contentblob/1333798/data/tab-2-3-2002.xls
d,hamburg.de,Bebauungsplan Groß-Borstel 18 Hamburg,PDF,"Der Bebauungsplan Groß Borstel 18 für den Geltungsbereich östlich Klotzenmoor/westlich des Naturschutzgebiets Eppendorfer Moor (Bezirk Hamburg-Nord, Ortsteil 406) wird festgestellt.
Das Gebiet wird wie folgt begrenzt:
Klotzenmoor-Klotzenmoorstieg-über das Flurstück 175, Westgrenze des Flurstücks 169, über die Flurstücke 169 und 175 der Gemarkung Groß Borstel-Rathbusch-Weg Nr. 173-über das Flurstück 5 der Gemarkung Eppendorf.",,dl-de-by-1.0,,Landesbetrieb Geoinformation und Vermessung (LGV) Hamburg,,,,,x,x,,,,,,,,,,,,,,,,,,http://www.hamburg.de/bebauungsplaene-online.de
d,hamburg.de,Landesrecht online Hamburg,PDF,"Die Seite ""Landesrecht online"" bietet Ihnen die Möglichkeit, online in den Hamburger Rechtsvorschriften (Gesetze, Verordnungen etc.) zu recherchieren. Es stehen Ihnen sowohl Suchfunktionen als auch ein alphabetischer Zugang zur Verfügung.",,dl-de-by-1.0,,Behörde für Justiz und Gleichstellung,,,,,,,,,,,,,,,,,x,,,,,,,http://www.hamburg.de/justizbehoerde/
d,hamburg.de,Haushaltsplan Hamburg 2007/2008,XLS,"Die bereit gestellte Excel-Datei enthält alle Einnahme- und Ausgabetitel des Doppelhaushalts für die Haushaltsjahre 2007 und 2008. Angegeben werden je Titel u.a. veranschlagter Betrag, Zweckbestimmung, Gruppierung, Funktion, Planwert des Vorjahres und Ist-Ergebnisse zweier Vorjahre. Die Datei bietet neben dem Rohmaterial flexible Auswahlmöglichkeiten über eine Pivot-Tabelle.
Hinweise:
A) Der vollständige Haushaltsplan mit Übersichten und Erläuterungen wird auch im PDF-Format bereitgestellt (siehe URL zu weiteren Informationen über den Datensatz).
B) Änderungen, die nach Verabschiedung des Haushaltsplans durch die Bürgerschaft auf dem Wege der Nachbewilligung vorgenommen wurden, sind nicht erfasst.",,dl-de-by-1.0,,Finanzbehörde,,,,x,,,,,,,,,,,,,,,,,x,,,http://www.hamburg.de/fb/haushalt/
b ,hamburg.de,www.hamburg.de,XLS,Schulentlassene des Schuljahres 2010/11 aus Hamburger allgemeinbildenden Schulen1),,nicht bekannt,,Herbststatistik 2011,,,x,,,,,,,,,,,,,,,,,,,,163 667 830. 4 41 943 988. 51 143 134 328. 1 5 162 168. 171 927 1276 119 1393 3886. 9 11 6 26. 63 446 509. 390 5.7906458797327393e-2 1783 0.26473645137342244 2524 0 ...,http://www.hamburg.de/contentblob/3393096/data/schulentlassene-allgb.xls
d,hamburg.de,Abfallentsorgungsanlagen Hamburg,GML,"Abfallentsorgungsanlagen sind ortsfest errichtete und betriebene Entsorgungsanlagen zum Umschlag, zur zeitweiligen Lagerung und/oder zur Behandlung von Abfällen. Aufgrund ihrer Leistungsgrenzen bzw. Anlagengröße, v.a. hinsichtlich Durchsatz- und Gesamtlagerkapazität, werden sie nach dem Bundes-Immissionsschutzgesetz (BImSchG) beantragt und genehmigt. Änderungen an der Lage, der Beschaffenheit oder dem Betrieb müssen bei der Behörde für Stadtentwicklung und Umwelt - Abteilung Abfallwirtschaft - rechtzeitig angezeigt oder, je nach Auswirkung, beantragt werden.
Einen Sonderfall bilden die Errichtung und der Betrieb von Deponien sowie deren Änderungen. Sie benötigen eine Planfeststellung bzw. Plangenehmigung nach dem Kreislaufwirtschaftsgesetz (KrWG) oder eine Anzeige.",,dl-de-by-1.0,,"Behörde für Stadtentwicklung und Umwelt, Amt für Umweltschutz",,,,,,,,,,,,,x,,,,,,,,,,,http://www.hamburg.de/anlagen-bs/
d,hamburg.de,Schüler- und Klassenzahlen an Hamburger allgemeinbildenden Schulen,WEB,"Die Schüler- und Klassenzahlen an Hamburger Schulen werden jeweils zu Beginn des Schuljahres im Herbst erhoben. Die Zahlen - aggregiert nach Schulform, Schul- oder Jahrgangsstufe - können pro Bezirk, Stadtteil oder Schule ausgegeben werden. Sie können in Form einer Excel- oder pdf-Datei heruntergeladen werden.",,dl-de-by-1.0,,"Behörde für Schule und Berufsbildung, Amt für Verwaltung, Referat V 12 (Datenmanagement)",,,x,,,,,,,,,,,,,,,,,,,,,http://www.hamburg.de/schulstatistiken
g ,hamburg.de,allgemeinbildende Schulen » (VND.MS-EXCEL,XLS,Staatsangehörigkeit,,nicht bekannt,,,,,x,,,,,,,,,,,,,,,,,,,,,http://www.hamburg.de/contentblob/2834478/data/staatsangehoerigkeiten.xls
d,hamburg.de,Denkmalliste Hamburg,XML,"Denkmalliste nach § 6 Absatz 1 Hamburgisches Denkmalschutzgesetz vom 05. April 2013, (HmbGVBl S. 142)
Hinweis: Die Denkmalliste besitzt nachrichtlichen Charakter.

Die Denkmalliste enthält die Adressen, Bauwerksinformationen und Koordinaten der Denkmäler in Hamburg, soweit bekannt. Bewegliche Denkmäler und Bodendenkmäler sind nicht aufgeführt.",,dl-de-by-1.0,,,,,,,x,x,,,,,,,,,,,,,,,,,,http://www.hamburg.de/kulturbehoerde/denkmalschutzamt
g ,hamburg.de,,XLS,"Vermeidbare Sterbefälle nach ausgewählten Diagnosen und Geschlecht, Hamburg, 2009",2009,nicht bekannt,,Statistisches Amt für Hamburg und Schleswig-Holstein; eigene Berechnungen,,x,,,,,,,,,,,,,,,,,,,,,,http://www.hamburg.de/contentblob/2481962/data/tab-3-13-2009.xls
g ,hamburg.de,,XLS,Vollstationäre Krankenhausfälle (Wohnort Hamburg); 2007,2007,nicht bekannt,,Krankenhausdiagnosestatistik der BSG; eigene Berechnungen    ,,,,,,,,,x,,,,,,,,,,,,,,,http://www.hamburg.de/contentblob/1336090/data/tab-3-25-2007.xls
g ,hamburg.de,Tabelle,XLS,"Säuglingssterbefälle, Hamburg, im Zeitvergleich",,nicht bekannt,,Statistisches Amt für Hamburg und Schleswig-Holstein; eigene Berechnungen,,x,,,,,,,x,,,,,,,,,,,,,,,http://www.hamburg.de/contentblob/3599834/data/tab-3-53-2012.xls
g ,hamburg.de,,XLS,Vollstationäre Krankenhausfälle (Wohnort Hamburg); 2001,2001,nicht bekannt,,Krankenhausdiagnosestatistik der BSG; eigene Berechnungen    ,,x,,,,,,,x,,,,,,,,,,,,,,,http://www.hamburg.de/contentblob/1334134/data/tab-3-25-2001.xls
b ,hamburg.de,www.hamburg.de,XLS,Hamburger Schulstatistik im Überblick - Schuljahr 2008 und 2009,,nicht bekannt,,Freie und Hansestadt Hamburg - Behörde für Schule und Berufsbildung,,,x,,,,,,,,,,,,,,,,,,,,"Last modified by: Haackka Created Date: 12/12/2008 12:03:09 PM Company. Other titles: Deckblatt Herausgeber Inhalt Schulformen Schüler m,w Schüler staatl Schüler ...",http://www.hamburg.de/contentblob/1159806/data/ex-ueberblick-2008-09.xls
g ,hamburg.de,Das Zahlenwerk der Eröffnungsbilanz als,XLS,Eröffnungsbilanz der Freien und Hansestadt Hamburg zum 1. Januar 2006,,nicht bekannt,,,,,,x,x,,,,,,,,,,,,,,,,,,,http://www.hamburg.de/contentblob/23828/data/zahlenwerk-vollversion.xls
d,hamburg.de,Organigramm Personalamt (aktuell),PDF,Organigramm Personalamt,,dl-de-by-1.0,,Personalamt,,,,x,,,,,,,,,,,,,,,,,x,,,http://www.hamburg.de/personalamt
d,hamburg.de,Wassergütemessnetz und Biologisches Frühwarnsystem ( WGMN ),HTML,"Die Daten des Wassergütemessnetzes zur Qualität der Hamburger Gewässer stehen immer ""online"" im Internet zur Verfügung. Hier können alle Datensätze abgerufen werden, die dann graphisch angezeigt oder in Tabellenform ausgegeben werden. 

Der Online-Dienst ist zurzeit gebührenfrei, benötigt jedoch eine kostenlose Registrierung bei den HamburgServices. Anschließend ist das neue Angebot sofort verfügbar. Unter ""Wassergütemessnetz"" finden Sie dort die gespeicherten Daten der Parameter.

Warum ein Wassergütemessnetz: 
- Um akute Gewässerbelastungen bei Schadensfällen oder gar vorsätzlichen Gewässerverunreinigungen erfassen und so früh wie möglich reagieren zu können, betreibt das Institut für Hygiene und Umwelt, Hamburg Messstationen an allen wichtigen Fließgewässern (Elbe, Alster, Bille) in Hamburg. 
In den 9 Messstationen werden chemisch-physikalische Gütekenndaten automatisch und kontinuierlich erfasst.

- Die Erkennung von akuten toxischen Belastungen ist die Aufgabe von automatisch arbeitenden Biotestsystemen in 4 Messstationen (2 x Elbe, Bille, Wandse). Verschiedene Wasserorganismen zeigen im Wasser enthaltene Giftstoffe an. Dieses Biologische Frühwarnsystem (BFWS) kann mit Hilfe der kontinuierlichen biologischen Messungen plötzlich auftretende toxische Gewässerbelastungen frühzeitig erkennen, kurzfristige Gegenmaßnahmen ermöglichen und Hinweise zur Ermittlung der Verursacher geben. 

- Weiterhin gilt das System WGMN / BFWS als Präventivmaßnahme zur Verhinderung von grob fahrlässig oder vorsätzlich herbeigeführten Schadensfällen. 

- Ausführliche Informationen zum WGMN finden sich im Internet unter <a href=""http://www.wgmn.hamburg.de"">www.wgmn.hamburg.de</a>",,dl-de-by-1.0,,"Behörde für Gesundheit und Verbraucherschutz, Amt für Verbraucherschutz, Institut für Hygiene und Umwelt, Bereich Umweltuntersuchungen -HU4-",,,,,,,,,,,,,x,,,,,,,,,,,http://www.wgmn.hamburg.de
g ,hamburg.de,Einrichtungs-Liste,XLS,Liste von Einrichtungen,,nicht bekannt,,,,,,,x,x,,,,,,,,,,,,,,,,,,http://www.hamburg.de/contentblob/3417014/data/liste-einrichtungen.xls
g ,hamburg.de,,XLS,"Bevölkerung nach Alter und Geschlecht, Hamburg, 2005",2005,nicht bekannt,,Statistisches Amt für Hamburg und Schleswig-Holstein,,x,,,,,,,,,,,,,,,,,,,,,,http://www.hamburg.de/contentblob/1333810/data/tab-2-3-2005.xls
g ,hamburg.de,Schüler 2006_07,XLS,Freie und Hansestadt Hamburg - Behörde für Bildung und Sport - Referat für Unternehmensdaten und Statistik - Sachgebiet Statistik - Ergebnis der herbsterhebung: Schülerinnen und Schüler und Klassen nach Schulform und Klassenart in Hamburger allgemein bildenden Schulen im Schuljahr 2006-07,,nicht bekannt,,,,,x,,,,,,,,,,,,,,,,,,,,,http://www.hamburg.de/contentblob/349078/data/ex-zahl-kl-schueler-schulform-2006-07.xls
g ,hamburg.de,Zuwendungsbericht 2013 Zum Download Excel,XLSX,Zuwendungsbericht 2013,,nicht bekannt,,,,,,,x,,x,,,,,,,,,,,,,,,,,http://www.hamburg.de/contentblob/4284536/data/zuwendungsbericht-2013.xlsx
d,hamburg.de,Die Wohnungszahl Hamburgs und seiner Bezirke gemäß Zensus 2011,DATA,Die Wohnungszahl Hamburgs und seiner Bezirke gemäß Zensus 2011 im Vergleich zu den Wohnungszahlen der Volkszählung 1987 und der Wohnungsbestandsfortschreibung. Tiefer regional gegliederte Zahlen unterhalb der Bezirksebene können leider nicht auf der Basis der Zensusergebnisse zur Verfügung gestellt werden.,,dl-de-by-1.0,,"Statistisches Amt für Hamburg und Schleswig-Holstein, Vertrieb des Statistikamts Nord",,,,,x,x,,,,,,,,,,,,,,,,,,http://www.statistik-nord.de/daten/bevoelkerung-und-gebiet/bevoelkerungsstand-und-entwicklung/
g ,hamburg.de,,XLS,"Gestorbene infolge ausgewählter bösartiger Neubildungen nach Geschlecht, Hamburg, 2012",2012,nicht bekannt,,Statistisches Amt für Hamburg und Schleswig-Holstein; eigene Berechnungen,,x,,,,,,,x,,,,,,,,,,,,,,,http://www.hamburg.de/contentblob/4107490/data/tab-3-77-2012.xls
b ,hamburg.de,www.hamburg.de,XLS,Zahlenwerk,,nicht bekannt,,,,,,x,,,,,,,,,,,,,,,,,,,,http://www.hamburg.de/contentblob/3275464/data/zahlenwerk.xls
g ,hamburg.de,schulgenaue Zusammenfassung,XLS,Freie und Hansestadt Hamburg - Behörde für Bildung und Sport - Referat für Unternehmensdaten und Statistik - Sachgebiet Statistik - Staatlich berufliche Schulen:Schulen und Schüler,,nicht bekannt,,,,,x,,,,,,,,,,,,,,,,,,,,,http://www.hamburg.de/contentblob/349218/data/ex-zahl-berufl-schueler-2006-07.xls
d,hamburg.de,Organigramm der Kulturbehörde (aktuell),PDF,Organigramm der Kulturbehörde,,dl-de-by-1.0,,Kulturbehörde,,,,x,,,,,,,,,,,,,,,,,x,,,http://www.hamburg.de/kulturbehoerde
g ,hamburg.de,,XLS,"Nichtdeutsche Bevölkerung nach Alter und Geschlecht, Hamburg, 2010",2010,nicht bekannt,,Statistisches Amt für Hamburg und Schleswig-Holstein; eigene Berechnungen,,x,,,,,,,,,,,,,,,,,,,,,,http://www.hamburg.de/contentblob/3064014/data/tab-2-4-2010.xls
g ,hamburg.de,Herbststatistik 2011,XLS,Absolventen und Abbrecher in Hamburger berufsbildenden Schulen im Schuljahr 2010/11,,nicht bekannt,,,,,x,,,,,,,,,,,,,,,,,,,,,https://www.hamburg.de/contentblob/3393098/data/absolventen-berufsb.xls
d,hamburg.de,"Lärmminderungsplanung, Fluglärm Hamburg","GML,WMS","- Erstellung des Lärmaktionsplanes nach Umgebungslärmrichtlinie
- Berechnung und Ausweisung der Fluglärmschutzzonen inklusive Isolinien nach dem neuen Fluglärmgesetz
- Überwachung der Einhaltung von Nachtflugbeschränkungen und Erteilung von Ausnahmegenehmigungen
- Fluglärmbeschwerdemanagement",,dl-de-by-1.0,,"Behörde für Stadtentwicklung und Umwelt, Amt für Immissionsschutz und Betriebe",,,,,,,,,,,,,x,,,,,,,,,,,http://www.hamburg.de/fluglaerm
g ,hamburg.de,,XLS,"Bevölkerung nach Alter und Geschlecht, Hamburg, 2003",2003,nicht bekannt,,Statistisches Amt für Hamburg und Schleswig-Holstein,,x,,,,,,,,,,,,,,,,,,,,,,http://www.hamburg.de/contentblob/1333802/data/tab-2-3-2003.xls
d,hamburg.de,Soziale Erhaltungsverordnungen - Gebiete in Hamburg,"GML,WMS,PDF","Soziale Erhaltungsverordnung nach §172 Abs.1 Satz 1 Nr. 2 BauGB
Umwandlungsverordnung nach §172 Abs. 1 Satz 4 BauGB

Die Karte zeigt Gebiete mit bestehenden oder in Vorbereitung befindlichen Sozialen Erhaltungsverordnungen in Hamburg. Der Verfahrensstand der Gebiete (im Aufstellungsverfahren, in Kraft) wird gekennzeichnet. In Gebieten mit rechtskräftiger Sozialer Erhaltungsverordnung gilt automatisch die Umwandlungsverordnung. 

Aktuell sind Soziale Erhaltungsverordnungen für folgende Bereiche erlassen worden: Südliche Neustadt, St. Pauli, St. Georg (Bezirk Hamburg-Mitte), Altona-Altstadt, das Schanzenviertel und das Osterkirchenviertel (Bezirk Altona).
In Vorbereitung sind Verordnungen für Bahrenfeld-Süd und Ottensen (Bezirk Altona) sowie Eimsbüttel Süd (Bezirk Eimsbüttel).

Die Soziale Erhaltungsverordnung kommt vorwiegend in innenstadtnahen, intakten, unter Aufwertungs- und Verdrängungsdruck stehenden Gebieten zum Einsatz. Bewährte, ausgewogene Bewohnerstrukturen sollen dort erhalten bleiben, Einwohnerinnen und Einwohner mit niedrigem Einkommen nicht in Gebiete abgedrängt werden, die bereits von ökonomisch schwachen Bevölkerungsschichten geprägt sind. 
Eigentümer, deren Gebäude in diesen Stadtteilen liegen, müssen
<ul>
<li>bauliche Änderungen, Umbauten, Ausbauten und Erweiterungen der Wohnung mit mietsteigernder Wirkung</li>
<li>Änderungen der Nutzungsart</li>
<li>den Abriss von Gebäuden oder Gebäudeteilen</li> 
</ul>

beim zuständigen Bezirksamt beantragen und genehmigen lassen. Dort wird überprüft, ob durch die beabsichtigten Maßnahmen nachteilige Auswirkungen auf die Zusammensetzung der Bevölkerung zu befürchten sind.

Anträge müssen genehmigt werden, wenn 

<ul>
<li>eine zeitgemäße Ausstattung  hergestellt werden soll, wie sie eine durchschnittliche Wohnung unter Berücksichtigung der bauordnungsrechtlichen Mindestanforderungen im Gebiet der Sozialen Erhaltungsverordnung besitzt. Bestimmender Maßstab ist der das konkrete Erhaltungsgebiet prägende Standard einer Wohnung.</li>
<li>der Erhalt des Gebäudes wirtschaftlich nicht mehr zumutbar ist.</li>
</ul>

Ein individueller Mieterschutz ist mit der Sozialen Erhaltungsverordnung nicht verbunden, da es sich um ein städtebauliches Instrument handelt und nicht um ein mietrechtliches.

Am 6.1.1998 hat der Senat die  Umwandlungsverordnung mit einer Geltungsdauer von 5 Jahren eingeführt, die seitdem viermal verlängert wurde, zuletzt bis Ende 2018. Seitdem muss die Umwandlung von Miet- in Eigentumswohnungen, d.h. die Bildung von Sondereigentum an Wohnungen und auch von Teileigentum an Gewerberäumen in Gebieten mit Sozialer Erhaltungsverordnung ebenfalls beim Bezirksamt beantragt und genehmigt werden. Die Genehmigung zur Umwandlung von Miet- in Eigentumswohnungen wird in der Regel nicht erteilt, wenn die Zusammensetzung der Wohnbevölkerung aus besonderen städtebaulichen Gründen gefährdet erscheint, also insbesondere dann, wenn die Eigentümerin oder der Eigentümer in spekulativer Absicht handelt, mit den entsprechenden Nachteilen für die Mieterinnen und Mieter.

Zeichnen sich in den Erhaltungsgebieten Entwicklungen auf dem Grundstücksmarkt ab, die den Zielen der Verordnung widersprechen, hat die Stadt zudem die Möglichkeit, das Vorkaufsrecht (§24 BauGB) auszuüben. Bei jedem Gebäude-Verkauf prüft die Verwaltung, ob durch spekulative Methoden die Erhaltungsziele gefährdet werden. 

Die Soziale Erhaltungsverordnung gilt für einen unbegrenzten Zeitraum. Eine Überprüfung der Wirksamkeit wird in regelmäßigen Abständen, alle 5 Jahre unter Einbeziehung der Umwandlungsverordnung, vorgenommen.

Weitere Informationen: <a href=""http://www.hamburg.de/soziale-erhaltungsverordnungen"" target=""_blank"">www.hamburg.de/soziale-erhaltungsverordnungen</a>",,dl-de-by-1.0,,"Behörde für Stadtentwicklung und Umwelt, Amt für Wohnen, Stadterneuerung und Bodenordnung",,,,,x,x,,,,,,,,,,,,,,,,,,http://www.hamburg.de/soziale-erhaltungsverordnungen
g ,hamburg.de,,XLS,"Gestorbene infolge vorsätzlicher Selbstbeschädigung (Suizidsterbefälle) nach Alter und Geschlecht, Hamburg, 2006",2006,nicht bekannt,,Statistisches Amt für Hamburg und Schleswig-Holstein; eigene Berechnungen ,,x,,,,,,,x,,,,,,,,,,,,,,,http://www.hamburg.de/contentblob/1336450/data/tab-3-88-2006.xls
g ,hamburg.de,Herbststatistik 2012,XLSX,"Absolventinnen und Absolventen, Abgängerinnen und Abgänger und Abbrecherinnen und Abbrecher an Hamburger berufsbildenden Schulen im Schuljahr 2011/12",,nicht bekannt,,,,,x,,,,,,,,,,,,,,,,,,,,,http://www.hamburg.de/contentblob/4099564/data/abgaenger-berufsbildende-schulen-2011-12-excel.xlsx
g ,hamburg.de,,XLS,Vollstationäre Krankenhausfälle (Wohnort Hamburg); 2006,2006,nicht bekannt,,,Krankenhausdiagnosestatistik der BSG; eigene Berechnungen    ,,,,,,,,x,,,,,,,,,,,,,,,http://www.hamburg.de/contentblob/1336020/data/tab-3-25-2006.xls
b ,hamburg.de,www.hamburg.de,XLS,Hamburger Schulstatistik im Überblick - Schuljahr 2009 und 2010,,nicht bekannt,,Freie und Hansestadt Hamburg - Behörde für Schule und Berufsbildung,,,x,,,,,,,,,,,,,,,,,,,,"Author: rayietur Last modified by: Schneider, Herbert Created Date: 2/1/2010 10:16:30 AM Company.. Other titles: Deckblatt Herausgeber Inhalt S. 1 Schulformen S. 2 m ...",http://www.hamburg.de/contentblob/2191084/data/ex-gesamtinfo-ueberblick-2009-10.xls
d,hamburg.de,Lärmkarten Hamburg (§47c BlmSchG),"GML,WMS","- Berechnungen und Kartierung, insbesondere nach Umgebungslärmrichtlinie für den Ballungsraum Hamburg
- Messung (in Amtshilfe), Bewertung und Beurteilung von Geräuschimmissionen",,dl-de-by-1.0,,"Behörde für Stadtentwicklung und Umwelt, Amt für Immissionsschutz und Betriebe",,,,,,,,,,,,,x,,,,,,,,,,,http://www.hamburg.de/laermminderung/
g ,hamburg.de,Staatliche Schulen,XLS,"Behörde für Bildung und Sport, Referat Unternehmensdaten und Statistik, V 12 - Gesamtübersicht der Schülerlangzeitprognose von 2000 bis 2006 ( Ist-Zahlen) und 2007 bis 2020 (Prognosenzahlen) - Basis: 10. KBV - mittlere variante; Herbsterhebung 01.09.2006",,nicht bekannt,,,,,x,,,,,,,,,,,,,,,,,,,,,http://www.hamburg.de/contentblob/348652/data/ex-schuelerprogn-klassenstufe-2006.xls
g ,hamburg.de,Alle Absolv 2004,XLS,"Behörde für Bildung und Sport, Amt für Verwaltung, Referat Unternehmensdaten und Statistik, Sachgebiet Statistik, V 121 - Schulabgänngerinnen und Schulabgänger aus allgemeinbildenden Schulen - nach der Art des Abschlusses",,nicht bekannt,,,,,x,,,,,,,,,,,,,,,,,,,,,https://www.hamburg.de/contentblob/349260/data/ex-schulabgaenger-2003-04.xls
d,hamburg.de,Beherbergung im Reiseverkehr in Hamburg,XLS,"Entwicklung der Zahl der Betriebe, Betten, Ankünfte und Übernachtungen sowie der Auslastung der Bettenkapazität in Hamburg. Ankünfte, Übernachtungen und Aufenthaltsdauer der Gäste in Beherbergungsbetrieben (einschl. Camping) in Hamburg nach dem Herkunftsland. Monatlicher Bericht.",,dl-de-by-1.0,,"Statistisches Amt für Hamburg und Schleswig-Holstein, Vertrieb des Statistikamts Nord",,,,,,,,,,x,,x,,,,,,,x,,,,,http://www.statistik-nord.de/daten/handel-tourismus-und-dienstleistungen/tourismus/dokumentenansicht/65/produkte-1/
b ,hamburg.de,www.hamburg.de,XLSX,Schulentlassene der Hamburger allgemeinbildenden Schulen im Schuljahr 2011/12 1),,nicht bekannt,,Herbststatistik 2012,,,x,,,,,,,,,,,,,,,,,,,,187 791 870 1848. 33 189 261 483. 154 1049 1125 63 1763 4154. 33 244 277. 15 151 166. 5 297 73 375. 10 14 24. 2 10 97 140 4713 4962. 4 4. 449 79 528. 120 38 158. 1 11 ...,http://www.hamburg.de/contentblob/3834464/data/schulentlassene-allg.xlsx
d,hamburg.de,Naturräume Geest und Marsch,"GML,WMS","Die Zuordnung des Hamburger Stadtgebietes zu den Naturräumen Geest und Marsch wird dargestellt.
Die Karte ist auch als Hilfskarte für den Kontext -Einbau Ersatzbaustoffe- zu verstehen. Hier gibt es unterschiedliche Richtlinien je nachdem, ob ein Bauvorhaben in bzw. auf Geest- oder Marsch-Boden geplant ist.
Die Daten werden als WMS-Darstellungsdienst und als WFS-Downloaddienst bereitgestellt.",,dl-de-by-1.0,,"Behörde für Stadtentwicklung und Umwelt, Amt für Umweltschutz",,,,,,,,,,,,,x,,,,,,,,,,,http://www.hamburg.de/grundwasser/
g ,hamburg.de,Schuljahreserhebung  2013,XLSX,"Behörde für Schule und Berufsbildung, Referat Datenmanagement, Sachgebiet Datenerhebung und -bereitstellung - Schülerinnen und Schüler an staatlichen hamburger berufsbildenden Schulen im Schuljahr 2013-14",,nicht bekannt,,,,,x,,,,,,,,,,,,,,,,,,,,,http://www.hamburg.de/contentblob/4262894/data/bs-schuelerzahl-in-hamburger-staatl-berufl-schulen-in-2013-14-excel.xlsx
g ,hamburg.de,Schuljahreserhebungen der Jahre 2009 bis 2013,XLSX,"Behörde für Schule und Berufsbildung, Referat Datenmanagement, Sachgebiet Datenerhebung und -bereitstellung - Zeitreihe: Zum Schulbesuch im Ausland beurlaubte Schülerinnen und Schüler an staatlichen Gymnasien und Stadtteilschulen nach Schulstufe",,nicht bekannt,,,,,x,,,,,,,,,,,,,,,,,,,,,http://www.hamburg.de/contentblob/4262860/data/as-zeitreihe-beurlaubungen-gym-sts-schulstufe-excel.xlsx
b ,hamburg.de,www.hamburg.de,XLS,"Schülerinnen und Schüler an Hamburger allgemeinbildenden Schulen nach Schulform und Jahrgangsstufe, Schuljahr 2011/12",,nicht bekannt,,Herbststatistik 2011,,,x,,,,,,,,,,,,,,,,,,,,1 2 3 4 5 6 7 8 9 10 11 12. 7498 7498. 14722 14418 14047 14158 158 787 58290. 7223 6539 7896 8105 8473 7303 3810 3702 2331 55382 3372 2647 14. 7451 7161 6726 7010 ...,http://www.hamburg.de/contentblob/3393086/data/schuelerzahlen-allgemeinb.xls
b ,hamburg.de,www.hamburg.de,XLS,Verzeichnis von Abschlüssen,,nicht bekannt,,,,,x,,,,,,,,,,,,,,,,,,,,Info Abkürzung Bezeichnung ABI Allgemeine Hochschulreife ABIfa Fachgebundene Hochschulreife,http://www.hamburg.de/contentblob/2834702/data/bisherige-abschluesse.xls
d,hamburg.de,Sponsoringbericht der BASFI - 2. Hj. 2013 (Hamburg),DATA,"Bericht  der Behörde für Arbeit, Soziales, Familie und Integration über Zuwendungen in Form von Sponsoring, Spenden und mäzenatischen Schenkungen. Er beinhaltet die von der Behörde für Arbeit, Soziales und Integration und den direkten hamburgischen Mehrheitsbeteiligungen (öffentlichen Unternehmen) aus ihrem Zuständigkeitsbereich angenommenen privaten Zuwendungen in Form von Sponsoring, Spenden und mäzenatischen Schenkungen ab 5.000 Euro im Einzelwert und die von bestimmten hamburgischen Mehrheitsbeteiligungen aus ihrem Zuständigkeitsbereich geleisteten Spenden und spendenähnlichen Zuwendungen ab 2.500 Euro im Einzelwert.",,dl-de-by-1.0,,"Behörde für Arbeit, Soziales, Familie und Integration, Pressestelle",,,,x,,,,,,,,,,,,,,,,,x,,,http://www.hamburg.de/sponsoring
d,hamburg.de,Grundwassergleichen max 2008,"GML,WMS","Grundwassergleichen in m NN des hydrologischen Jahres 2008 (maximale/höchste Grundwasserstände im 1. Hauptgrundwasserleiter).
Die Daten werden als WMS-Darstellungsdienst und als WFS-Downloaddienst bereitgestellt.",,dl-de-by-1.0,,"Behörde für Stadtentwicklung und Umwelt, Amt für Umweltschutz",,,,,x,,,,,,,,,,,,,,,,,,,http://www.hamburg.de/versickerung/2696936/gwgleichen/
g ,hamburg.de,Herbststatistik 2010,XLS,"Behörde für Schule und Berufsbildung, Referat Unternehmensdaten und Statistik - Schulentlassene aus Hamburger allgemeinbildenen Schulen im Schuljahr 2009 bis 2010",,nicht bekannt,,,,,x,,,,,,,,,,,,,,,,,,,,,https://www.hamburg.de/contentblob/2879764/data/schulentlassene-allgemeinbild-schulen-2009-10-ex.xls
d,hamburg.de,Organigramm der Behörde für Inneres und Sport (aktuell),PDF,Organigramm der Behörde für Inneres und Sport.,,dl-de-by-1.0,,Behörde für Inneres und Sport,,,,x,,,,,,,,,,,,,,,,,x,,,http://www.hamburg.de/innenbehoerde/
g ,hamburg.de,staatl + nst Schulen2005,XLS,Kapitel / Schulform  - Ergebnisse der Bundeserhebung ,,nicht bekannt,,,,,x,,,,,,,,,,,,,,,,,,,,,http://www.hamburg.de/contentblob/349008/data/ex-vergleich-schuelerzahlen-2006-07.xls
b ,hamburg.de,www.hamburg.de,XLS,Schülerinnen und Schüler in staatlichen und nicht staatlichen Hamburger Schulen im Schuljahr 2010/11,,nicht bekannt,,Herbststatistik 2011,,,x,,,,,,,,,,,,,,,,,,,,11 14. 6615 6615. 12837 12507 12633 13035 950 51962. 794 794. 199 255 94 548. 555 665 1220. 418 418. 557 557. 1503 1506 1491 1502 6002. 475 475. 1182 1182. 286 288 ...,http://www.hamburg.de/contentblob/3393356/data/schueler-schulform-allg.xls
g ,hamburg.de,Bestandsanalyse: Excel-Datei,XLSX,Liste von Einrichtungen,,nicht bekannt,,,,,x,,,,,,,,,x,,,,,,,,,,,,http://www.hamburg.de/contentblob/4255792/data/download-bestandsanalyse.xlsx
b ,hamburg.de,www.hamburg.de,XLS,"Schülerinnen und Schüler in Hamburger allgemeinbildenden Schulen im Schuljahr 2010/11 differenziert nach Geschlecht, Schulform und Schulstufe",,nicht bekannt,,"Behörde für Schule und Berufsbildung, Referat für Unternehmensdaten und Statistik",,,x,,,,,,,,,,,,,,,,,,,,Anlage 7 staatlich Elementarstufe Primarstufe Stufe 5 und 6 Sekundarstufe I Sekundarstufe II Vorschulklasse Grundschule Stadtteilschule Gesamtschule,http://www.hamburg.de/contentblob/2084098/data/schueler-geschlecht-schulstufen-ex.xls
b ,hamburg.de,www.hamburg.de,XLS,Verzeichnis von Straßen,,nicht bekannt,,,,,,,x,,,,,,,,,,,,,,,,,,Behindertenplätze (allgemein) Arno-Holz-Weg 14 Beerentalweg 42 Reeseberg 178 d Am Hohen Hause 1 Boltenhagener Straße 28 Doraustieg 1. Parkbucht links von Ahrensb.,http://www.hamburg.de/Dibis/form/pdf/Parkpl.xls
g ,hamburg.de,Herbstatistik 2013,XLSX,"Behörde für Schule und Berufsbildung, Referat Datenmanagement, Sachgebiet Datenerhebung und -bereitstellung Schuljahr 2013 bis 2014 - Schülerinnen und Schüler in Staatlichen berufsbildenden Schulen",,nicht bekannt,,,,,x,,,,,,,,,,,,,,,,,,,,,http://www.hamburg.de/contentblob/4262960/data/bs-staatlich-berufsbildende-schulen-2013-excel.xlsx
d,hamburg.de,Abwasserreinigung des Klärwerkverbundes Köhlbrandhöft/Dradenau in Hamburg,CSV,"Durchschnittliche Konzentration von Schadstoffen vor (Zulauf) und nach der Reinigung (Ablauf) im Klärwerksverbund Köhlbrandhöft/Dradenau. Es handelt sich um folgende Schadstoffe: CSB, BSB5, NH4-N, Nanorg, Ngesamt, PO4-P, Pgesamt, AOX, Pb, Cd, Cr, Cu, Ni, HG und Zn für die Jahre 2005-2012.  Alle weiteren Informationen zu den Zahlen finden Sie auf der Seite <a href= ""http://www.hamburg.de/134918/"">Abwasserbeseitigung in Hamburg</a>  und speziell im  <a href= ""http://www.hamburg.de/contentblob/4009274/data/lagebericht-2012.pdf"">Abwasser - Lagebericht</a>.",,dl-de-by-1.0,,"Behörde für Stadtentwicklung und Umwelt, Amt für Immissionsschutz und Betriebe",,,,,,,,,,,,,x,,,,,,,,,,,http://www.hamburg.de/134918/
b ,hamburg.de,stadtrad.hamburg.de,KMZ,StadtRAD Stationen,,nicht bekannt,,,,,,,,,,,,,,,,,,,,,,,,,doc.kml174cd4c7-fbb8-43ed-84df-d573d89c3a4e.png,http://stadtrad.hamburg.de/kundenbuchung/download/510/StadtRAD_Hamburg_Stationen.kmz
g ,hamburg.de,Veröffentlichungen bis 2011,XLSX,Übersicht über den Geschäftsanfall der Gerichte und Staatsanwaltschaften im Bereich der justizbehöre Hamburg (2009 bis 2012),,nicht bekannt,,,,,,,,,,,,,,,,,,,x,,,,,,,http://www.hamburg.de/contentblob/4251690/data/statistigen-ger-staen-2009-2012.xlsx
g ,hamburg.de,Zuwendungsbericht 2011 Zum Download Excel,XLSX,Zuwendungsbericht 2011,,nicht bekannt,,,,,,,x,,x,,,,,,,,,,,,,,,,,http://www.hamburg.de/contentblob/4292692/data/zuwendungsbericht-2011.xlsx
b ,hamburg.de,www.hamburg.de,XLS,"Anlage zum Antrag auf Austellung einer Bescheinigung / vorläufigen Bescheinigung vom ##.##.20##BV: Mustermannstraße ##, 2#### Hamburg, Denkmal-Afa Aufstellung der vom Denkmalschutzamt anerkannten Erstellungskosten",,nicht bekannt,,,,,,x,,,,,,x,,,,,,,,,,,,,Tabelle3 Tabelle2 Kosten f. Denkmal AVA Versicherungen EUR netto EUR brutto vor Prüfung nach Prüfung nicht anerkannt Behörden / Rechtskosten Statiker,http://www.hamburg.de/contentblob/2792412/data/vorlage-rechnungsaufteilung.xls
g ,hamburg.de,Schuljahreserhebungen der Jahre 2009 bis 2013,XLSX,"Behörde für Schule und Berufsbildung, Referat Datenmanagement, Sachgebiet Datenerhebung und -bereitstellung - Zeitreihe: Schülerinnen und Schüler in Hamburger allgemeinbildenden Schulen nach rechtsstatus und Schulform",,nicht bekannt,,,,,x,,,,,,,,,,,,,,,,,,,,,http://www.hamburg.de/contentblob/4262808/data/as-zeitreihe-sus-nach-schulform-rechtsstatus-excel.xlsx
d,hamburg.de,Organigramm der Behörde für Wissenschaft und Forschung (aktuell),PDF,Organigramm der Behörde für Wissenschaft und Forschung.,,dl-de-by-1.0,,Behörde für Wissenschaft und Forschung,,,,x,,,,,,,,,,,,,,,,,x,,,http://www.hamburg.de/bwf
d,hamburg.de,Organigramm des Landesbetriebs Geoinformation und Vermessung (aktuell),PDF,Organigramm des Landesbetrieb Geoinformation und Vermessung.,,dl-de-by-1.0,,Landesbetrieb Geoinformation und Vermessung (LGV) Hamburg,,,,x,,,,,,,,,,,,,,,,,x,,,http://www.geoinfo.hamburg.de
g ,hamburg.de,Altona,XLS,Anmeldungen für die Klassenstufe 5 der staatlichen Schulen,,nicht bekannt,,,,,x,,,,,,,,,,,,,,,,,,,,,http://www.hamburg.de/contentblob/349238/data/ex-anmeld-klasse-5-2008.xls
g ,hamburg.de,,XLS,"Gestorbene infolge ausgewählter bösartiger Neubildungen nach Geschlecht, Hamburg, 2010",2010,nicht bekannt,,Statistisches Amt für Hamburg und Schleswig-Holstein; eigene Berechnungen,,x,,,,,,,x,,,,,,,,,,,,,,,http://www.hamburg.de/contentblob/3064074/data/tab-3-77-2010.xls
g ,hamburg.de,Übersicht der in den Kundenzentren,XLS,Übersicht der in den Kundenzentren vorhandenen Fotoautomaten,,nicht bekannt,,,,,,,,,,,,x,,x,,,,,,,,,,,,http://www.hamburg.de/Dibis/BeFi-Links/Kundenzentren-Fotoautomat.xls
g ,hamburg.de,Tab-3.77-2006,XLS,"Gestorbene infolge ausgewählter bösartiger Neubildungen nach Geschlecht, Hamburg, 2006",,nicht bekannt,,Statistisches Amt für Hamburg und Schleswig-Holstein; eigene Berechnungen,,,,,,,,,x,,,,,,,,,,,,,,,http://www.hamburg.de/contentblob/1336196/data/tab-3-77-2006.xls
g ,hamburg.de,,XLS,Vollstationäre Krankenhausfälle (Wohnort Hamburg); 2004,2004,nicht bekannt,,Krankenhausdiagnosestatistik der BSG; eigene Berechnungen    ,,,,,,,,,x,,,,,,,,,,,,,,,http://www.hamburg.de/contentblob/1334950/data/tab-3-25-2004.xls
g ,hamburg.de,Belehrungen nach § 43 Infektionsschutzgesetz,XLS,"Niedergelassene Ärzte, die im Auftrag des Bezirksamtes Eimsbüttel Belehrungen nach § 43 IfSG durchführen Stand: 21.05.2014",,nicht bekannt,,,,,,,,,,,x,,,,,,,,,,,,,,,http://www.hamburg.de/contentblob/4031828/data/beauftragte-niedergelassene-aerzte-uebersicht.xls
d,hamburg.de,Endgültiges Ergebnis der Europawahl 2014 nach Hamburger Stadtteilen,DATA,"Endgültiges Ergebnis der Europawahl 2014 nach Hamburger Stadtteilen, Wahlbeteiligung und Stimmenanteile der Parteien in Prozent.",,dl-de-by-1.0,,Statistisches Amt für Hamburg und Schleswig-Holstein,,,,,,,,,,,,,,,,x,,,,,,,,http://www.statistik-nord.de/wahlen/wahlen-in-hamburg/europawahlen/
g ,hamburg.de,Schuleinzugsgebiet - allgemeinbildende Schulen,XLS,Schuleinzugsgebiete,,nicht bekannt,,,,,x,,,,,,,,,,,,,,,,,,,,,http://www.hamburg.de/contentblob/2834468/data/schuleinzugsgebiet.xls
g ,hamburg.de,"Bundesländer » (VND.MS-EXCEL, 25 KB)",XLS,Bundesländerverzeichnis,,nicht bekannt,,,,x,,,,,,,,,,,,,,,,,,,,,,http://www.hamburg.de/contentblob/2953750/data/bundeslaender.xls
d,hamburg.de,Landschaftsschutzgebiete in Hamburg,"GML,WMS","""Die Schutzgebietsgrenzen der Landschaftsschutzgebiete werden als Vektorkoordinaten gemäß Koordinatensystem EPSG::25832 bereitgestellt.
Unter Landschaftsschutz werden charakteristische Landschaften mit ihren Funktionen für den Naturhaushalt und für die Erholung gestellt. Landschaftsschutzgebiete dienen dem großflächigen Schutz von Kulturlandschaften mit ihren regionaltypischen Besonderheiten, Landschaftsbildern und Funktionen für den Naturhaushalt (Boden, Wasser, Klima, Pflanzen- und Tierwelt). Derzeit sind etwa 22 Prozent der Hamburgischen Landesfläche als Landschaftsschutzgebiete ausgewiesen.""",,dl-de-by-1.0,,"Behörde für Stadtentwicklung und Umwelt, Amt für Natur- und Ressourcenschutz",,,,,,,,,,,,,x,,,,,,,,,,,http://www.hamburg.de/landschaftsschutzgebiete/147914/landschaftsschutzgebiete.html
g ,hamburg.de,Aufgaben und Forderungsarten der Forderungsverwaltung,XLS,Aufgaben und Forderungsarten nach SGB XII der Forderungsverwaltung,,nicht bekannt,,,,,,,,,,,,,,,,,,,,,,,x,,,http://www.hamburg.de/contentblob/1469342/data/fordverw-forderungsarten-sgbxii.xls
b ,hamburg.de,www.hamburg.de,XLS,Schulabgängerinnen und Schulabgänger aus den staatlichen und nicht staatlichen                                                                               allgemeinbildenden Schulen in Hamburg nach Art des Abschlusses *,,nicht bekannt,,"Behörde für Schule und Berufsbildung, Amt für Verwaltung, Referat Unternehmensdatenmanagement, Sachgebiet Statistik, V 122",,,x,,,,,,,,,,,,,,,,,,,,Tabelle1 Hamburg insgesamt ohne Hauptschulabschluss mit Hauptschulabschluss mit Realschulabschluss mit Fachhochschulreife Anteil in % absolut mit Hochschulreife,http://www.hamburg.de/contentblob/1186368/data/ex-zahl-alle-schulabg-2000-2009.xls
g ,hamburg.de,,XLS,"Bevölkerung nach Alter und Geschlecht, Hamburg, 2007",2007,nicht bekannt,,Statistisches Amt für Hamburg und Schleswig-Holstein; eigene Berechnungen ,,x,,,,,,,,,,,,,,,,,,,,,,http://www.hamburg.de/contentblob/1333814/data/tab-2-3-2007.xls
g ,hamburg.de,Herbststatistik 2012,XLSX,Schülerinnen und Schüler an nicht-staatlichen berufsbildenden Schulen im Schuljahr 2012/13,,nicht bekannt,,,,,x,,,,,,,,,,,,,,,,,,,,,http://www.hamburg.de/contentblob/3834474/data/schueler-n-staat-berufsb.xlsx
g ,hamburg.de,,XLS,"Gestorbene infolge vorsätzlicher Selbstbeschädigung (Suizidsterbefälle) nach Alter und Geschlecht, Hamburg, 2002",2002,nicht bekannt,,"Statistisches Amt für Hamburg und Schleswig-Holstein: Todesursachenstatistik, eigene Berechnungen",,x,,,,,,,x,,,,,,,,,,,,,,,http://www.hamburg.de/contentblob/1336232/data/tab-3-88-2002.xls
g ,hamburg.de,Klassenstufen,XLS,Liste von Klassenstufen,,nicht bekannt,,,,,x,,,,,,,,,,,,,,,,,,,,,http://www.hamburg.de/contentblob/2836678/data/klassenstufen.xls
g ,hamburg.de,Tabelle1,XLS,Telefonliste Bergedorf Bauprüfung,,nicht bekannt,,,,,,,x,,,,,,,,,,,,,,,,,,,http://www.hamburg.de/Dibis/BeFi-Links/TelefonlisteBergedorfBaupruefung.xls
d,hamburg.de,Organigramm der Behörde für Gesundheit und Verbraucherschutz (aktuell),PDF,Organigramm der Behörde für Gesundheit und Verbraucherschutz.,,dl-de-by-1.0,,Behörde für Gesundheit und Verbraucherschutz,,,,x,,,,,,,,,,,,,,,,,x,,,http://www.hamburg.de/bgv
d,hamburg.de,Standorte von Windkraftanlagen in Hamburg,"GML,WMS,DATA",Standorte von Windkraftanlagen in Hamburg,,dl-de-by-1.0,,"Behörde für Stadtentwicklung und Umwelt, Amt für Immissionsschutz und Betriebe",,,,,,,,,,,,,x,,,,,,,,,,,http://www.hamburg.de/windenergie/
d,hamburg.de,Zuwendungsbericht Hamburg 2011,DATA,"Liste der im Jahre 2010 begonnenen und durch die Freie und Hansestadt Hamburg geförderten Zuwendungsvorgänge entsprechend des Zuwendungsberichtes 2011 (Vierter empfängerbezogener Zuwendungsbericht, Drucksache 20/1740 vom 4.10.2011) in den Dokumentformaten *.XLSX sowie *.CSV",,dl-de-by-1.0,,"Finanzbehörde, Amt für Haushalt und Aufgabenplanung, Kasse Hamburg, K23, Fachliche Leitstelle INEZ",,,,x,,,,,,,,,,,,,,,,,x,,,http://www.hamburg.de/fb/zuwendungsbericht
b ,hamburg.de,metropolregion.hamburg.de,XLS,"6. Pendler, Teilzeitbeschäftigte und Arbeitslosigkeit im Jahr 2009, 2010 und 2011",,nicht bekannt,,,x,,,,,,,,,,,,,,,,,,,,,,"2011 2010 2009 Metropolregion Hamburg 1 Sozialversicherungspflichtig Beschäftigte, Stichtag 30.06. Teilzeitbeschäftigte¹ Arbeitslosigkeit² Arbeitslose insgesamt",http://metropolregion.hamburg.de/contentblob/3921194/data/tabelle06.xls
g ,hamburg.de,,XLS,"Hamburger Schulstatistik im Überblick - Schulen, Klassen, Schülerinnen und Schüler in Hamburg - Schuljar 2006-07",,nicht bekannt,,,,,x,,,,,,,,,,,,,,,,,,,,,https://www.hamburg.de/contentblob/348706/data/ex-schulstatistik-ueberblick-2006-07.xls
g ,hamburg.de,,XLS,"Gestorbene infolge vorsätzlicher Selbstbeschädigung (Suizidsterbefälle) nach Alter und Geschlecht, Hamburg, 2009",2009,nicht bekannt,,Statistisches Amt für Hamburg und Schleswig-Holstein; eigene Berechnungen,,x,,,,,,,,,,,,,,,,,,,,,,http://www.hamburg.de/contentblob/2482086/data/tab-3-88-2009.xls
d,hamburg.de,Einbau Ersatzbaustoffe,"GML,WMS","Anforderungen an die stoffliche Verwertung von mineralischen Abfällen: Karte zur Beurteilung der Einbaufähigkeit von Ersatzbaustoffen unter Berücksichtigung der Grundwasserflurabstände, Überschwemmungsgebiete, Wasserschutzgebiete und Naturschutzgebiete.
Die Daten werden als WMS-Darstellungsdienst und als WFS-Downloaddienst bereitgestellt.",,dl-de-by-1.0,,"Behörde für Stadtentwicklung und Umwelt, Amt für Umweltschutz",,,,,,,,,,,,,x,,,,,,,,,,,http://www.hamburg.de/ersatzbaustoffe/
d,hamburg.de,"Organigramm Landesbetrieb Straßen, Brücken und Gewässer (aktuell)",PDF,"Organigramm Landesbetrieb Straßen, Brücken und Gewässer",,dl-de-by-1.0,,"Landesbetrieb Straßen, Brücken und Gewässer",,,,x,,,,,,,,,,,,,,,,,x,,,http://lsbg.hamburg.de/
g ,hamburg.de,,XLS,"Bevölkerung nach Alter und Geschlecht, Hamburg, 2009",2009,nicht bekannt,,Statistisches Amt für Hamburg und Schleswig-Holstein; eigene Berechnungen ,,x,,,,,,,,,,,,,,,,,,,,,,http://www.hamburg.de/contentblob/2481950/data/tab-2-3-2009.xls
g ,hamburg.de,Diagramm Jahresverlauf,XLSX,Wettbewerbstitel - Jahresbedarf Energiemenge und Jahresverlauf - Abschätzung des zukünftigen Energiebedarfs,,nicht bekannt,,,,,,,,,,,,,,,,,x,,,,,,,,,http://www.hamburg.de/contentblob/3340668/data/download-e-lena.xlsx
g ,hamburg.de,Sozialversicherungspflichtig Beschäftigte Ausländer nach,XLS,5. Sozialversicherungspflichtig Beschäftigte Ausländer nach Geschlecht und Art der Ausbildung am 30.06.2011,,nicht bekannt,," Statistikamt Nord, Beschäftigungsstatistik der Bundesagentur für Arbeit",x,,,,,,,,,,,,,,,,,,,,,,,http://metropolregion.hamburg.de/contentblob/3921196/data/tabelle05.xls
b ,hamburg.de,www.hamburg.de,XLS,1. Verbrauchsdaten 2. Dimensionierung 3. Wirtschaftlichkeit Diagramme Berechnungen Grundlagen Grafiken Auswahl_BHKW ...,,nicht bekannt,,,,,,x,,,,,,,,,,,,,,x,,,,,Created Date: 9/21/2006 8:52:22 AM Other titles: 1. Verbrauchsdaten 2. Dimensionierung 3. Wirtschaftlichkeit Diagramme Berechnungen Grundlagen Grafiken Auswahl_BHKW ...,http://www.hamburg.de/contentblob/2490142/data/bhkwcheck-berechnungsprogramm.xls
g ,hamburg.de,Excel,XLS,Schülerinnen und Schüler in Hamburger allgemeinbildenden Schulen im Schuljahr 2010/2011,,nicht bekannt,,,,,x,,,,,,,,,,,,,,,,,,,,,http://www.hamburg.de/contentblob/2879702/data/zahl-klassen-schueler-2010-11-ex.xls
d,hamburg.de,"Organigramm der Behörde für Arbeit, Soziales, Familie und Integration (aktuell)",PDF,"Organigramm der Behörde für Arbeit, Soziales, Familie und Integration.",,dl-de-by-1.0,,"Behörde für Arbeit, Soziales, Familie und Integration",,,,x,,,,,,,,,,,,,,,,,x,,,http://www.hamburg.de/basfi
g ,hamburg.de,Bericht 2. Halbjahr 2013,XLSX,"Bericht der Behörde für Arbeit, Soziales, Familie und Integration über Zuwendungen in Form von Sponsoring, Spenden und mäzenatischen Schenkungen",,nicht bekannt,,,,,,x,,,,,,,,,,,,,,,,,,,,http://www.hamburg.de/contentblob/4259852/data/basfi-spendenbericht-2-halbjahr-2013.xlsx
g ,hamburg.de,Herbststatistik 2007 bis 2012,XLSX,Schülerinnen und Schüler sowie Anfängerinnen und Anfänger an Hamburger berufsbildenden Schulen in den Schuljahren 2007/08 bis 2012/13,,nicht bekannt,,,,,x,,,,,,,,,,,,,,,,,,,,,http://www.hamburg.de/contentblob/3834480/data/anfaenger-berufsb.xlsx
g ,hamburg.de,Bericht 2.Halbjahr 2013,XLSX,"Bericht der Bezirksamtes Wandsbek über Zuwendungen in Form von Sponsoring, Spenden und mäzenatischen Schenkungen",,nicht bekannt,,,,,,x,,,,,,,,,,,,,,,,,,,,https://www.hamburg.de/contentblob/4263088/data/ba-wandsbek-spendenbericht-2-halbjahr-2013.xlsx
d,hamburg.de,Organigramm des Bezirksamtes Wandsbek (aktuell),PDF,Organigramm des Bezirksamtes Wandsbek.,,dl-de-by-1.0,,"Bezirksämter, Bezirksamt Wandsbek",,,,x,,,,,,,,,,,,,,,,,x,,,http://www.hamburg.de/wandsbek/
g ,hamburg.de,Der Haushaltsplan 2005/6 als Excel-Datei,XLS,Haushaltsplan,,nicht bekannt,,,,,,x,,,,,,,,,,,,,,,,,,,,http://www.hamburg.de/contentblob/24018/data/haushaltsplan-excel-2005-6.xls
g ,hamburg.de,Excel,XLSX,"Zeitreihe: Schülerverteilung an Hamburger allgemeinbildenden Schulen in den Jahrgangsstufen 1, 5, 7 und 11",,nicht bekannt,,,,,x,,,,,,,,,,,,,,,,,,,,,http://www.hamburg.de/contentblob/3393088/data/zeitreihe.xlsx
g ,hamburg.de,,XLS,Vollstationäre Krankenhausfälle (Wohnort Hamburg); 2012,2012,nicht bekannt,,Statistisches Amt für Hamburg und Schleswig-Holstein; eigene Berechnungen,,x,,,,,,,x,,,,,,,,,,,,,,,http://www.hamburg.de/contentblob/4107508/data/tab-3-25-2012.xls
g ,hamburg.de,Herbststatistik 2011,XLS,Klassen in Hamburger staatlichen allgemeinbildenden Schulen mit Angabe der Klassenart in den Klassenstufen 0 bis 10  - (ohne Erwachsenenbildung und berufsbildende Bildungsgänge im Bildungszeitrum  für Blinde und Sehbehinderte=,,nicht bekannt,,,,,x,,,,,,,,,,,,,,,,,,,,,https://www.hamburg.de/contentblob/3393364/data/anzahl-klassen.xls
g ,hamburg.de,Aufgaben und Forderungsarten der,XLS,Bettenauslastung(pflegerisch) inkl. 24 Std-Fälle o. Privat,,nicht bekannt,,,,,,,,,,,x,,,,,,,,,,,,,,,http://www.hamburg.de/contentblob/1016916/data/fordverw-forderungsarten-bshg.xls
d,hamburg.de,Hamburger Mietenspiegel,GML,"Der Hamburger Mietenspiegel ist eine Übersicht über die in Hamburg gezahlten Mieten für freifinanzierte Wohnungen. Mieter und Vermieter können auf seiner Grundlage Mieterhöhungsverfahren überprüfen. Die Erhebung und Berechnung der ortsüblichen Vergleichsmiete wurden vom Hamburger Forschungsunternehmen GEWOS Institut für Stadt-, Regional- und Wohnforschung GmbH nach anerkannten wissenschaftlichen Grundsätzen auf der Grundlage einer empirischen Repräsentativerhebung durchgeführt.
Der Mietenspiegel weist auf der Basis der Nettokaltmiete die ortsübliche Vergleichsmiete in Euro/m² mtl. aus.",,dl-de-by-1.0,,"Behörde für Stadtentwicklung und Umwelt, Amt für Wohnen, Stadterneuerung und Bodenordnung",,,,,x,x,,,,,,,,,,,,,,,,,,http://www.hamburg.de/mietenspiegel/
d,hamburg.de,Organigramm des Bezirksamtes Hamburg-Mitte (aktuell),PDF,Organigramm des Bezirksamtes Hamburg-Mitte.,,dl-de-by-1.0,,"Bezirksämter, Bezirksamt Hamburg-Mitte",,,,x,,,,,,,,,,,,,,,,,x,,,http://www.hamburg.de/mitte/
d,hamburg.de,Arten- und Biotopschutz - AuBS (ehem. APRO),"GML,WMS","Die Karte Arten- und Biotopschutz (AuBS) mit ihrem dazugehörigen Erläuterungsbericht ist ein wesentlicher, verbindlicher Bestandteil des Landschaftsprogramms. Sie beschreibt  flächendeckende Entwicklungsziele für alle Bereiche der Stadt und legt Maßnahmen zum Schutz, zur Pflege und zur Entwicklung der Lebensräume einheimischer Pflanzen- und Tierarten fest. Die Karte Arten-und Biotopschutz wurde ursprünglich als  Arten- und Biotopschutzprogramm (APRO)  als eigenständiger Teil des Landschaftsprogramms am 12. Juni 1997 von der Bürgerschaft beschlossen. Die Basis zur Entwicklung des Programms waren die Arten- und Biotopkartierungen, die für das gesamte Stadtgebiet erhoben wurden. Fünfzehn verschiedene Kategorien mit insgesamt 39 verschiedenen Biotopentwicklungsräumen wurden auf dieser Grundlage zusammengefasst und hierzu Ziele und Maßnahmen formuliert.
Heute ist es als Karte Arten-und Biotopschutz (AuBS) in das Landschaftsprogramm integriert. 

Zukünftig sieht das Hamburgische Gesetz zur Ausführung des Bundesnaturschutzgesetzes (HmbBNatSchAG § 13) vor, Aussagen des Apro zusammen mit weiteren naturschutzfachlich bedeutenden Inhalten in einer Fachkonzeption Arten- und Biotopschutz (FABio) darzustellen.

Planungskartenwerk nebst Erläuterungsbericht für den Arten- und Biotopschutz in Hamburg. Das Arten- und Biotopschutzprogramm ist Teil des Landschaftsprogramms. Grundlage: Hamburgisches Naturschutzgesetz und Beschluss der Hamburgischen Bürgerschaft.

Analoges Kartenwerk in den Maßstäben 1:20 000 und 1:50 000. Daten liegen digital in ArcGIS-Version 10.x vor und werden ständig gepflegt.
Die Daten werden für die Öffentlichkeit als WFS-Downloaddienst und als WMS-Darstellungsdienst bereitgestellt.",,dl-de-by-1.0,,"Behörde für Stadtentwicklung und Umwelt, Amt für Natur- und Ressourcenschutz, Naturschutz",,,,,,,,,,,,,x,,,,,,,,,,,http://www.hamburg.de/aubs/
g ,hamburg.de,Mitte,XLS,"Behörde für Wirtschaft, Verkehr und Innovation - Amt für Verkehr und Straßenwesen Netz der Hauptverkehrsstraßen",,nicht bekannt,,,,,,,x,,,,,,,,,,,,,,,,,,,http://www.hamburg.de/contentblob/129804/data/hauptverkehrsstrassen-pro-bezirk.xls
g ,hamburg.de,Schuljahreserhebung 2013,XLSX,"Behörde für Schule und Berufsbildung, Referat Datenmanagement, Sachgebiet Datenerhebung und -bereitstellung - Durchschnittliche Klassenfrequenz an staatlichen allgemeinen Schulen im Schuljahr 2013-12014",,nicht bekannt,,,,,x,,,,,,,,,,,,,,,,,,,,,http://www.hamburg.de/contentblob/4262886/data/as-klassenfrequenz-excel.xlsx
g ,hamburg.de,,XLS,"Nichtdeutsche Bevölkerung nach Alter und Geschlecht, Hamburg, 2005",2005,nicht bekannt,,Statistisches Amt für Hamburg und Schleswig-Holstein,,x,,,,,,,,,,,,,,,,,,,,,,http://www.hamburg.de/contentblob/1333826/data/tab-2-4-2005.xls
g ,hamburg.de,"Wochenmärkte in Hamburg, XLS, 159 KB, 8 Seiten",XLS,STÄDTISCHE WOCHENMÄRKTE IN HAMBURG,,nicht bekannt,,,,,,,,,,,,,,x,,,,,,,,,,,,http://www.hamburg.de/Dibis/form/merkbl/pdf/Wochenmaerkte-HH.xls
d,hamburg.de,Organigramm des Bezirksamtes Hamburg-Nord (aktuell),PDF,Organigramm des Bezirksamtes Hamburg-Nord.,,dl-de-by-1.0,,"Bezirksämter, Bezirksamt Hamburg-Nord",,,,x,,,,,,,,,,,,,,,,,x,,,http://www.hamburg.de/hamburg-nord/
d,hamburg.de,Schulrecht Hamburg,DATA,"Schulrecht Hamburg ist eine umfangreiche schulverwaltungsrechtliche Vorschriftensammlung für die Schulen der Freien und Hansestadt Hamburg. Diese umfasst Gesetze, Verwaltungsvorschriften, Richtlinien, Dienstvorschriften und Rundschreiben.",,dl-de-by-1.0,,Behörde für Schule und Berufsbildung,,,x,,,,,,,,,,,,,,,,,,,,,http://www.hamburg.de/bsb/schulrecht/
g ,hamburg.de,,XLS,"Nichtdeutsche Bevölkerung nach Alter und Geschlecht, Hamburg, 2011",2011,nicht bekannt,,Statistisches Amt für Hamburg und Schleswig-Holstein; eigene Berechnungen ,,x,,,,,,,,,,,,,,,,,,,,,,http://www.hamburg.de/contentblob/3599768/data/tab-2-4-2011.xls
g ,hamburg.de,,XLS,"Gestorbene infolge vorsätzlicher Selbstbeschädigung (Suizidsterbefälle) nach Alter und Geschlecht, Hamburg, 2005",2005,nicht bekannt,,Statistisches Amt für Hamburg und Schleswig-Holstein; eigene Berechnungen ,,x,,,,,,,x,,,,,,,,,,,,,,,http://www.hamburg.de/contentblob/1336448/data/tab-3-88-2005.xls
g ,hamburg.de,,XLS,"Bevölkerung nach Alter und Geschlecht, Hamburg, 2010",2010,nicht bekannt,,Statistisches Amt für Hamburg und Schleswig-Holstein; eigene Berechnungen ,,x,,,,,,,,,,,,,,,,,,,,,,http://www.hamburg.de/contentblob/3064010/data/tab-2-3-2010.xls
d,hamburg.de,Schutzgebiet Nationalpark Hamburgisches Wattenmeer,"GML,WMS","Die Schutzgebietsgrenzen des Nationalparks werden als Vektorkoordinaten gemäß Koordinatensystem EPSG::25832 bereitgestellt.
Der Nationalpark Hamburgisches Wattenmeer ist mit seinen 13.750 Hektar der kleinste der drei Wattenmeer-Nationalparks. Er wurde 1990 ausgewiesen, um die besonderen Naturschönheiten und den natürlichen Prozessen unter dem Motto ""Natur Natur sein lassen"" freien Lauf zu sichern.
Mit der Anerkennung als Biosphärenreservat durch die UNESCO im Jahr 1992 gewann die naturverträgliche Ausrichtung der auf Teilen der Insel Neuwerk stattfindenden Nutzungen immer mehr an Bedeutung.
Das UNESCO-Welterbe-Komitee hat am 27.06.2011 in Paris beschlossen, auch den Nationalpark Hamburgisches Wattenmeer als Teil des Weltnaturerbe Wattenmeer in die Liste der Welterbestätten der Menscheit einzuschreiben.",,dl-de-by-1.0,,"Behörde für Stadtentwicklung und Umwelt, Amt für Natur- und Ressourcenschutz",,,,,,,,,,,,,x,,,,,,,,,,,http://www.nationalpark-wattenmeer.de/hh
d,hamburg.de,Organigramm des Hamburgischen Beauftragten für Datenschutz und Informationsfreiheit (aktuell),PDF,Organigramm des Hamburgischen Beauftragten für Datenschutz und Informationsfreiheit,,dl-de-by-1.0,,Datenschutzbeauftragte,,,,x,,,,,,,,,,,,,,,,,x,,,http://www.datenschutz-hamburg.de/
g ,hamburg.de,,XLS,"Gestorbene infolge ausgewählter bösartiger Neubildungen nach Geschlecht, Hamburg, 2009",2009,nicht bekannt,,Statistisches Amt für Hamburg und Schleswig-Holstein; eigene Berechnungen,,x,,,,,,,,,,,,,,,,,,,,,,http://www.hamburg.de/contentblob/2481974/data/tab-3-77-2009.xls
b ,hamburg.de,www.hamburg.de,XLS,Rechner - Zuschuss zu den ungedeckten KdU bei BAB/ABG,,nicht bekannt,,,,,,x,,,,,,,,,,,,,,,,,,,Tabelle3 Tabelle2 Tabelle1 Kindergeld BG § 22 Absatz 7 SGB II Rechner BAB/ABG-Rechner sonstiges Einkommen (Nichterwerbstätigkeit) Freibetrag nach § 11 Absatz 2 ...,http://www.hamburg.de/contentblob/1245236/data/fa-sgbii-22-7-kdu-schueler-rechner-zuschuss.xls
g ,hamburg.de,SJ 2007Schüler_Klassen_jeSchule,XLS,"Freie und Hansestadt Hamburg - Behörde für Bildung und Sport - Referat für Unternehmensdatenmanagement und Statistik - Sachgebiet Statistik, V 122 - Ergebnis der Herbsterhebung: Schüler und Klassen nach Schulform, Klassenstufe und Klassenart in Hamburger allgemein bildenden Schulen im Schuljahr 2007-2008, sortiert nach der Schulnummer",,nicht bekannt,,,,,x,,,,,,,,,,,,,,,,,,,,,https://www.hamburg.de/contentblob/1159860/data/ex-zahl-schulen-2007-08.xls
b ,hamburg.de,www.hamburg.de,XLS,"Schülerinnen und Schüler in Hamburger allgemeinbildenden Schulen im Schuljahr 2010/11 differenziert nach Staatsbürgerschaft, Schulform und Schulstufe",,nicht bekannt,,"Behörde für Schule und Berufsbildung, Referat für Unternehmensdaten und Statistik",,,x,,,,,,,,,,,,,,,,,,,,Internet-Herbststatistik 2009 Freie und Hansestadt Hamburg - Behörde für Schule und Berufsbildung - Referat für Unternehmensdatenmanagement und Statistik ...,http://www.hamburg.de/contentblob/2191134/data/ex-zahl-klassen-schueler-2009-10.xls
g ,hamburg.de,,XLS,"Vermeidbare Sterbefälle nach ausgewählten Diagnosen und Geschlecht, Hamburg, 2012",2012,nicht bekannt,,Statistisches Amt für Hamburg und Schleswig-Holstein; eigene Berechnungen,,,,,,,,,x,,,,,,,,,,,,,,,http://www.hamburg.de/contentblob/4107510/data/tab-3-13-2012.xls
g ,hamburg.de,,XLS,"Vermeidbare Sterbefälle nach ausgewählten Diagnosen und Geschlecht, Hamburg, 2003",2003,nicht bekannt,,Statistisches Amt für Hamburg und Schleswig-Holstein; eigene Berechnungen ,,x,,,,,,,,,,,,,,,,,,,,,,http://www.hamburg.de/contentblob/1333838/data/tab-3-13-2003.xls
g ,hamburg.de,Herbststatistik 2007 bis 2012,XLSX,Schülerinnen und Schüler in Hamburger allgemeinbildenden Schulen im Schuljahr 2012/13,,nicht bekannt,,,,,x,,,,,,,,,,,,,,,,,,,,,https://www.hamburg.de/contentblob/3834266/data/schueler-allg.xlsx
g ,hamburg.de,,XLS,"Krankenhausfälle (Wohnort Hamburg) nach Alter und Geschlecht, 2000",2000,nicht bekannt,,Krankenhausdiagnosestatistik der BSG; eigene Berechnungen    ,,x,,,,,,,x,,,,,,,,,,,,,,,http://www.hamburg.de/contentblob/1334018/data/tab-3-25-2000.xls
g ,hamburg.de,,XLS,"Bevölkerung nach Alter und Geschlecht, Hamburg, 2004",2004,nicht bekannt,,Statistisches Amt für Hamburg und Schleswig-Holstein,,x,,,,,,,,,,,,,,,,,,,,,,http://www.hamburg.de/contentblob/1333804/data/tab-2-3-2004.xls
d,hamburg.de,Haushaltsplan Hamburg 2013/2014,XLS,"Die bereit gestellte Excel-Datei enthält alle Einnahme- und Ausgabetitel des Doppelhaushalts für die Haushaltsjahre 2013 und 2014. Angegeben werden je Titel u.a. veranschlagter Betrag, Zweckbestimmung, Gruppierung, Funktion, Planwert des Vorjahres und Ist-Ergebnisse zweier Vorjahre. Die Datei bietet neben dem Rohmaterial flexible Auswahlmöglichkeiten über eine Pivot-Tabelle.

Hinweise:
A) Der vollständige Haushaltsplan mit Übersichten und Erläuterungen wird auch im PDF-Format bereitgestellt (siehe URL zu weiteren Informationen über den Datensatz).
B) Änderungen, die nach Verabschiedung des Haushaltsplans durch die Bürgerschaft auf dem Wege der Nachbewilligung vorgenommen werden, sind nicht erfasst.
C) Hamburg stellt sein Haushaltswesen schrittweise von einem kameralen, titelbezogenen Haushalt auf einen doppischen Produkthaushalt um. Einzelne Behörden sind im Doppelhaushalt 2013/2014 bereits erprobungsweise nach dem neuen Haushaltswesen veranschlagt. Die Excel-Datei umfasst b.a.w. nur die kameralen Haushaltstitel. Die ""Auswahlbereiche"" des neuen Haushaltswesens werden nur summarisch in Form des kameralen Zuschusstitels für den jeweiligen Bereich abgebildet.",,dl-de-by-1.0,,Finanzbehörde,,,,x,,,,,,,,,,,,,,,,,x,,,http://www.hamburg.de/fb/haushalt
d,hamburg.de,Naturschutzgebiete in Hamburg,"GML,WMS","Die Schutzgebietsgrenzen der Naturschutzgebiete werden als Vektorkoordinaten gemäß Koordinatensystem EPSG::25832 bereitgestellt.
Hamburg liegt bei der Ausweisung von Naturschutzgebieten bundesweit vorn. Über 8% seiner Landesfläche sind derzeit Naturschutzgebiete (NSG), ein Wert, den kein anderes Bundesland auch nur annähernd erreicht. Naturschutzgebiete sind neben dem Nationalpark Hamburgisches Wattenmeer die am strengsten geschützten Naturflächen in Hamburg. Hier haben die Ziele des Naturschutzes und der Landschaftspflege weitest gehenden, nach Möglichkeit sogar absoluten Vorrang vor allen anderen Nutzungsansprüchen.",,dl-de-by-1.0,,"Behörde für Stadtentwicklung und Umwelt, Amt für Natur- und Ressourcenschutz",,,,,,,,,,,,,x,,,,,,,,,,,http://www.hamburg.de/naturschutzgebiet/
g ,hamburg.de,Excel-Datei Bewertungs-Matrix Bewerberauswahl,XLSX,Wettbewerbstitel - Bewertung- Matrix Bewerberauswahl,,nicht bekannt,,,,,,,x,,,,,,,,,,,,,,,,,,,http://www.hamburg.de/contentblob/3340534/data/download-d-lena.xlsx
g ,hamburg.de,Bericht 2. Halbjahr 2013,XLSX,"Bericht der Behörde für Inneres und Sport über Zuwendungen in Form von Sponsoring, Spenden und mäzenatischen Schenkungen",,nicht bekannt,,,,,,x,,,,,,,,x,,,,,,,,,,,,http://www.hamburg.de/contentblob/4262318/data/bis-spendenbericht-2-halbjahr-2013.xlsx
b ,hamburg.de,www.hamburg.de,XLS,Schonvermögen Altersvorsorge,,nicht bekannt,,,,x,,,,,x,,,,,,,,,,,,,,,,Schonvermögen Altersvorsorge Schonvermögen Altersvorsorge Eingaben: Jahresbrutto Prozentsatz des Jahresbrutto Nur für Selbständige: zuzüglich Prozentsatz der ...,http://www.hamburg.de/contentblob/3895750/data/ah-sgbxii-94-anl02-altersschonvermoegen.xls
g ,hamburg.de,Bericht 2. Halbjahr 2013,XLSX,"Bericht der Behörde für Schule und Berufsbildung über Zuwendungen in Form von Sponsoring, Spenden und mäzenatischen Schenkungen",,nicht bekannt,,,,,x,x,,,,,,,,,,,,,,,,,,,,http://www.hamburg.de/contentblob/4262362/data/kb-sponsoringbericht-2-halbjahr-2013.xlsx
d,hamburg.de,Organigramm der Senatskanzlei (aktuell),PDF,Organigramm der Senatskanzlei.,,dl-de-by-1.0,,Senatskanzlei,,,,x,,,,,,,,,,,,,,,,,x,,,http://www.hamburg.de/senatskanzlei
g ,hamburg.de,Tabelle1,XLS,ReBBZ Abteilungsleitungen,,nicht bekannt,,,,,x,,,,,,,,,,,,,,,,,,,,,http://www.hamburg.de/contentblob/4152942/data/rebbz-abteilungsleitungen.xls
g ,hamburg.de,10. KBV - mittlere Variante; Herbsterhebnung 01.09.2006,XLS,"Behörde für Bildung und Sport, Referat Unternehmensdaten und Statistik, V 12 - Schülerzeitprognose von 2000 bis 2006 (Ist-Zahlen)",,nicht bekannt,,,,,x,,,,,,,,,,,,,,,,,,,,,http://www.hamburg.de/contentblob/348656/data/ex-schuelerprogn-schulstufe-2006.xls
d,hamburg.de,GPS-Koordinaten für geotouristische Objekte in Hamburg,"GML,TXT,ASCII","Das Geologische Landesamt stellt die GPS-Koordinaten von 248 geotouristischen Objekten bereit, die Sie auf Ausflügen im Gelände erkunden können. Dazu gehören neben den bekannten Geotopen auch relativ unbekannte Objekte wie die Rogensteine am Elbufer, das Braunkohlebergwerk Robertshall in den Harburger Bergen oder die Findlinge, die beim Bau des Osterbek-Kanals 1901/02 freigelegt worden sind. Auch Kurioses wie die ""Felsen"" im Tierpark Hagenbeck oder die ""Grotte"" in Altona wurden nicht vergessen.
Die Koordinaten der beschriebenen Geo-Objekte können als ""Waypoint-Dateien"" für die Navigationssysteme TomTom (TomTom Navigator 5.x sowie TomTomGO) und Garmin (GarminMetroGuide sowie Garmin Roads & Recreation) herunter geladen werden. Sollten Sie andere Navigationssysteme benutzen, laden Sie bitte die ASCII-Datei herunter, aus der sich mit dem Programm NH-Top50Trans entsprechende Waypoint-Dateien erzeugen lassen. Das Programm NH-Top50Trans ist eine kostenfreie Software. Näheres unter: <a href= ""http://www.norberthein.de/navigation/top50trans/top50trans.htm"">www.norberthein.de</a>",,dl-de-by-1.0,,"Behörde für Stadtentwicklung und Umwelt, Amt für Umweltschutz, Geologisches Landesamt",,,,,,,,,,x,,x,,,,,,,x,,,,,http://www.hamburg.de/geolog-objekte-start/144592/geo-touren-hamburg.html
g ,hamburg.de,Bericht 2. Halbjahr 2013,XLS,"Bericht der Senatskanzlei über Zuwendungen in Form von Sponsoring, Spenden und mäzenatischen Schenkungen",,nicht bekannt,,,,,,x,,,,,,,,,,,,,,,,,,,,http://www.hamburg.de/contentblob/4262996/data/2014-02-04-sponsoringbericht-sk.xls
g ,hamburg.de,Sprachen,XLS,Sprachverzeichnis,,nicht bekannt,,,,,x,,,,,,,,,,,,,,,,,,x,,,http://www.hamburg.de/contentblob/2837046/data/sprachen.xls
d,hamburg.de,Organigramm des Bezirksamtes Altona (aktuell),PDF,Organigramm des Bezirksamtes Altona.,,dl-de-by-1.0,,"Bezirksämter, Bezirksamt Altona",,,,x,,,,,,,,,,,,,,,,,x,,,http://www.hamburg.de/altona/
g ,hamburg.de,,XLSX,schuelerzahlen-eingangsklassen-zeitreihe,,nicht bekannt,,Schuljahreserhebung der Jahre 2009 bis 2013,,,x,,,,,,,,,,,,,,,,,,,,,http://www.hamburg.de/contentblob/4262792/data/as-schuelerzahlen-eingangsklassen-zeitreihe-excel.xlsx
d,hamburg.de,Organigramm Zentrum für Personaldienste (aktuell),PDF,Organigramm Zentrum für Personaldienste,,dl-de-by-1.0,,Zentrum für Personaldienste,,,,x,,,,,,,,,,,,,,,,,x,,,http://www.hamburg.de/zpd/
b ,hamburg.de,www.hamburg.de,XLSX,Anzahl der Hamburger allgemeinbildenden und berufsbildenden Schulen (Organisationseinheiten) und Schülerzahlen im Schuljahr 2012/13,,nicht bekannt,,Herbststatistik 2012,,,x,,,,,,,,,,,,,,,,,,,,192 29 221 55037 5519 60556. 186 12 198. 5 5. 12 1 13. 57 28 85 54398 8961 63359. 10 6 16. 12 7 19. 7 7. 1 1. 6 6 3056 3056. 60 11 71 48346 4172 52518. 37 5 42 5090 ...,http://www.hamburg.de/contentblob/3834218/data/schulen-und-sch.xlsx
g ,hamburg.de,,XLS,"Gestorbene infolge ausgewählter bösartiger Neubildungen nach Geschlecht, Hamburg, 2002",2002,nicht bekannt,,Statistisches Amt für Hamburg und Schleswig-Holstein: Todesursachenstatistik; eigene Berechnungen,,,,,,,,,x,,,,,,,,,,,,,,,http://www.hamburg.de/contentblob/1336172/data/tab-3-77-2002.xls
d,hamburg.de,Organigramm des Bezirksamtes Harburg (aktuell),PDF,Organigramm des Bezirksamtes Harburg.,,dl-de-by-1.0,,"Bezirksämter, Bezirksamt Harburg",,,,x,,,,,,,,,,,,,,,,,x,,,http://www.hamburg.de/harburg/
g ,hamburg.de,Gemeindekennziffern - allgemeinbildende Schulen,XLS,Gemeindekennzeichen,,nicht bekannt,,,,x,,,x,,,,,,,,,,,,,,,,,,,http://www.hamburg.de/contentblob/2834452/data/gemeindekennziffern.xls
g ,hamburg.de,Bericht 2. Halbjahr 2013,XLSX,"Bericht der Behörde für Wirtschaft, Verkehr und Innovation über Zuwendungen in Form von Sponsoring, Spenden und mäzenatischen Schenkungen",,nicht bekannt,,,,,,x,,,,,,,,,,,,,,x,,,,,,http://www.hamburg.de/contentblob/4262306/data/bwvi-sponsoringbericht-2-halbjahr-2013.xlsx
g ,hamburg.de,Herbststatistik 2012,XLSX,Schülerinnen und Schüler an staatlichen berufsbildenden Schulen im Schuljahr 2012/13,,nicht bekannt,,,,,x,,,,,,,,,,,,,,,,,,,,,http://www.hamburg.de/contentblob/3834468/data/schueler-staatl-berufsb.xlsx
g ,hamburg.de,Tabelle,XLS,"Sterblichkeit Krankheiten des Kreislaufsystems nach Geschlecht, Hamburg, im Zeitvergleich",,nicht bekannt,,Statistisches Amt für Hamburg und Schleswig-Holstein; eigene Berechnungen,,x,,,,,,,x,,,,,,,,,,,,,,,http://www.hamburg.de/contentblob/3599850/data/tab-3-90-2012.xls
g ,hamburg.de,Bericht 1. Halbjahr 2013,XLSX,"Bericht der Behörde für Schule und Berufsbildung über Zuwendungen in Form von Sponsoring, Spenden und mäzenatischen Schenkungen",,nicht bekannt,,,,,,x,x,,,,,,,,,,,,,,,,,,,http://www.hamburg.de/contentblob/4145818/data/bwvi-sponsoringbericht-1-halbjahr-2013.xlsx
g ,hamburg.de,,XLS,"Bevölkerung nach Alter und Geschlecht, Hamburg, 2011",2011,nicht bekannt,,Statistisches Amt für Hamburg und Schleswig-Holstein; eigene Berechnungen ,,x,,,,,,,,,,,,,,,,,,,,,,http://www.hamburg.de/contentblob/3598260/data/tab-2-3-2011.xls
g ,hamburg.de,,XLS,"Gestorbene infolge vorsätzlicher Selbstbeschädigung (Suizidsterbefälle) nach Alter und Geschlecht, Hamburg, 2004",2004,nicht bekannt,,Statistisches Amt für Hamburg und Schleswig-Holstein; eigene Berechnungen ,,x,,,,,,,x,,,,,,,,,,,,,,,http://www.hamburg.de/contentblob/1336316/data/tab-3-88-2004.xls
g ,hamburg.de,,XLS,"Nichtdeutsche Bevölkerung nach Alter und Geschlecht, Hamburg, 2003",2003,nicht bekannt,,Statistisches Amt für Hamburg und Schleswig-Holstein,,x,,,,,,,,,,,,,,,,,,,,,,http://www.hamburg.de/contentblob/1333818/data/tab-2-4-2003.xls
g ,hamburg.de,,XLS,"Vermeidbare Sterbefälle nach ausgewählten Diagnosen und Geschlecht, Hamburg, 2008",2008,nicht bekannt,,Statistisches Amt für Hamburg und Schleswig-Holstein; eigene Berechnungen ,x,,,,,,,,x,,,,,,,,,,,,,,,http://www.hamburg.de/contentblob/1962786/data/tab-3-13-2008.xls
g ,hamburg.de,,XLS,"Gestorbene infolge vorsätzlicher Selbstbeschädigung (Suizidsterbefälle) nach Alter und Geschlecht, Hamburg, 2010",2010,nicht bekannt,,Statistisches Amt für Hamburg und Schleswig-Holstein; eigene Berechnungen ,,x,,,,,,,,,,,,,,,,,,,,,,http://www.hamburg.de/contentblob/3064076/data/tab-3-88-2010.xls
d,hamburg.de,Organigramm des Bezirksamtes Bergedorf (aktuell),PDF,Organigramm des Bezirksamtes Bergedorf.,,dl-de-by-1.0,,"Bezirksämter, Bezirksamt Bergedorf",,,,x,,,,,,,,,,,,,,,,,x,,,http://www.hamburg.de/bergedorf/
g ,hamburg.de,Bruttowertschöpfung nach Wirtschaftszweigen,XLS,8. Bruttowertschöpfung nach Wirtschaftszweigen im Jahr 2009-2010,,nicht bekannt,,"Statistikamt Nord, Arbeitskreis Volkswirtschaftliche Gesamtrechnungen der Länder und eigene Berechnungen", ,,, ,,,,,,,,,,,,,,x,,,,,,http://metropolregion.hamburg.de/contentblob/3921190/data/tabelle08.xls
b ,hamburg.de,www.hamburg.de,XLS,Verzeichnis von Straßen,,nicht bekannt,,,,,,,x,,,,,,,,,,,,,,,,,,"Tabelle3 Tabelle2 Tabelle1 Liebe Bürgerinnen und Bürger des Ortsteils Sternschanze, aus technischen Gründen ist es im Augenblick leider nicht möglich, das für Sie",http://www.hamburg.de/Dibis/BeFi-Links/38846.1.xls
d,hamburg.de,Abfallverbrennungsanlagen Hamburg,GML,Standorte der Abfallverbrennungsanlagen in Hamburg,,dl-de-by-1.0,,"Behörde für Stadtentwicklung und Umwelt, Amt für Immissionsschutz und Betriebe",,,,,,,,,,,,,x,,,,,,,,,,,http://www.hamburg.de/betriebe-umwelt/
g ,hamburg.de,Vorausschau auf die Ergebnisrechnung 2007,XLS,Ergebnisrechnung 2007 - Vorausschau,,nicht bekannt,,,,,,x,,,,,,,,,,,,,,,,,,,,https://www.hamburg.de/contentblob/23870/data/vorausschau-ergebnisrechnung-2007.xls
g ,hamburg.de,Wanderungen nach Herkunfts- und Zielgebieten,XLS,2. Wanderungen nach Herkunfts- und Zielgebieten im Jahr 2011,,nicht bekannt,,"Statistikamt Nord, Statistische Landesämter Niedersachsen und Mecklenburg-Vorpommern, eigene Berechnungen",,x,,,,,,,,,,,,,,,,,,,,,,http://metropolregion.hamburg.de/contentblob/3921186/data/tabelle02.xls
d,hamburg.de,Ausgleichsflächen gemäß Bundesnaturschutzgesetz (Kompensationsverzeichnis),"GML,WMS","Das Kompensationsverzeichnis basiert auf der Rechtsgrundlage des Bundesnaturschutzgesetzes. Nach § 17 Abs. 6 BNatSchG werden die Ausgleichs- und Ersatzmaßnahmen und die dafür in Anspruch genommenen Flächen in diesem Kataster erfasst. Darüber hinaus werden Angaben zum jeweiligen Eingriff gespeichert. 
In der Datenbank sind Eingriffsart, Eingriffsbeschreibung sowie Ausgleichs- und Ersatzmaßnahmen beschrieben. Diese Daten sind mit einem GIS-Programm verknüpft, in dem die entsprechenden Flächen kartografisch dargestellt sind.
Es ist vorgesehen, dass die Ausgleichsflächen auch im ALKIS (Amtliches Liegenschafts- und Katasterinformationssystem) dargestellt werden.
Vor der Novellierung des Bundesnaturschutzgesetzes 2009 wurde das Kompensationsverzeichnis ""Eingriffskataster"" genannt. Die Rechtsgrundlage war das Hamburgische Naturschutzgesetz.",,dl-de-by-1.0,,"Behörde für Stadtentwicklung und Umwelt, Amt für Natur- und Ressourcenschutz",,,,,,,,,,,,,x,,,,,,,,,,,http://www.hamburg.de/eingriffsregelung/
d,hamburg.de,Grundwasserflurabstand 1996 Hamburg,"GML,WMS","Hoher Flurabstand zur Grundwasseroberfläche des hydrologischen Jahres 1996 (=niedrige Grundwasserstände). 
Die Daten werden als WMS-Darstellungsdienst und als WFS-Downloaddienst bereitgestellt.",,dl-de-by-1.0,,"Behörde für Stadtentwicklung und Umwelt, Amt für Umweltschutz",,,,,x,,,,,,,,,,,,,,,,,,,http://www.hamburg.de/hydrogeologische-planungskarten/2611068/flurabstandskarte.html
g ,hamburg.de,Erwerbstätige nach Wirtschaftszweigen,XLS,3. Erwerbstätige nach Wirtschaftszweigen im Jahr 2009-2010,,nicht bekannt,,"Statistikamt Nord, Arbeitskreis Erwerbstätigenrechnung des Bundes und der Länder (vorläufige revidierte Ergebnisse)",x,,,,,,,,,,,,,,,,,x,,,,,,http://metropolregion.hamburg.de/contentblob/3921188/data/tabelle03.xls
b ,hamburg.de,www.hamburg.de,XLS,Zahlenwerk 2009-2010 Bürgerschaftsbeschluss,,nicht bekannt,,,,,,x,,,,,,,,,,,,,,,,,,,,http://www.hamburg.de/contentblob/3644274/data/zahlenwerk-2009-2010-buergerschaftsbeschluss.xls
g ,hamburg.de,Excel,XLS,"Behörde für Bildung und Sport, Amt für Verwaltung, Referat Unternehmensdaten und Statistik, Sachgebiet Statistik, V 121 - Schulabgängerinnen und Schulabgänger  aus allgemein bildenden Schulen - nach der Art des Abschlusses",,nicht bekannt,,,,,,,,,,,,,,,,,,,,,,,,,,http://www.hamburg.de/contentblob/349254/data/ex-schulabgaenger-2004-05.xls
g ,hamburg.de,,XLS,"Gestorbene infolge vorsätzlicher Selbstbeschädigung (Suizidsterbefälle) nach Alter und Geschlecht, Hamburg, 2003",2003,nicht bekannt,,Statistisches Amt für Hamburg und Schleswig-Holstein; eigene Berechnungen ,,x,,,,,,,x,,,,,,,,,,,,,,,http://www.hamburg.de/contentblob/1336262/data/tab-3-88-2003.xls
d,hamburg.de,Hochbautätigkeit und Wohnungsbestand in Hamburg 2011,XLS,"Hochbautätigkeit und Wohnungsbestand in Hamburg, beinhaltet Baugenehmigungen und Baufertigstellungen inklusive Grafiken und Tabellen. Wohnungsbau und Wohngebäude nach Rauminhalt und Wohnfläche sowie Nicht-Wohnbau. Teilweise nach Bezirken gegliedert. Die Daten sind über mehrere Tabellenblätter verteilt.",,dl-de-by-1.0,,"Statistisches Amt für Hamburg und Schleswig-Holstein, Vertrieb des Statistikamts Nord",,,,,x,x,,,,,,,,,,,,,,,,,,http://www.statistik-nord.de/daten/bauen-und-wohnen/baugenehmigungen-und-bautaetigkeit/dokumentenansicht/29/produkte-1/
d,hamburg.de,Organigramm der Behörde für Stadtentwicklung und Umwelt (aktuell),PDF,Organigramm der Behörde für Stadtentwicklung und Umwelt.,,dl-de-by-1.0,,Behörde für Stadtentwicklung und Umwelt,,,,x,,,,,,,,,,,,,,,,,x,,,http://www.hamburg.de/bsu
g ,hamburg.de,,XLS,"Gestorbene infolge vorsätzlicher Selbstbeschädigung (Suizidsterbefälle) nach Alter und Geschlecht, Hamburg, 2007",2007,nicht bekannt,,Statistisches Amt für Hamburg und Schleswig-Holstein; eigene Berechnungen,,,,,,,,,x,,,,,,,,,,,,,,,http://www.hamburg.de/contentblob/1336454/data/tab-3-88-2007.xls
g ,hamburg.de,,XLS,"Bevölkerung nach Alter und Geschlecht, Hamburg, 2012",2012,nicht bekannt,,Statistisches Amt für Hamburg und Schleswig-Holstein; eigene Berechnungen ,,x,,,,,,,,,,,,,,,,,,,,,,http://www.hamburg.de/contentblob/4107546/data/tab-2-3-2012.xls
d,hamburg.de,Organigramm der Bürgerschaftskanzlei (aktuell),DATA,Organigramm der Bürgerschaftskanzlei,,dl-de-by-1.0,,Bürgerschaftskanzlei Hamburg,,,,x,,,,,,,,,,,,,,,,,x,,,http://www.hamburgische-buergerschaft.de
g ,hamburg.de,Excel,XLS,"Behörde für Schule und Berufsbildung, Referat Unternehmensdaten und Statistik - Abgänger und Absolventen aus Hamburger beruflichen Schulen im Schuljahr 2009/2010",,nicht bekannt,,,,,x,,,,,,,,,,,,,,,,,,,,,http://www.hamburg.de/contentblob/2879804/data/schuentlassene-berufsbild-schulen-2009-10-ex.xls
g ,hamburg.de,,XLS,"Nichtdeutsche Bevölkerung nach Alter und Geschlecht, Hamburg, 2004",2004,nicht bekannt,,Statistisches Amt für Hamburg und Schleswig-Holstein: Bevölkerungsstatistik,,x,,,,,,,,,,,,,,,,,,,,,,http://www.hamburg.de/contentblob/1333822/data/tab-2-4-2004.xls
d,hamburg.de,Organigramm der Finanzbehörde (aktuell),PDF,Organigramm der Finanzbehörde,,dl-de-by-1.0,,Finanzbehörde,,,,x,,,,,,,,,,,,,,,,,x,,,http://www.hamburg.de/fb
d,hamburg.de,Organigramm Landesbetrieb Immobilienmanagement und Grundvermögen (aktuell),PDF,Organigramm Landesbetrieb Immobilienmanagement und Grundvermögen,,dl-de-by-1.0,,Landesbetrieb Immobilienmanagement und Grundvermögen,,,,x,,,,,,,,,,,,,,,,,x,,,http://immobilien-lig.hamburg.de/
g ,hamburg.de,Klassen_Schüler,XLS,"Behörde für Bildung und Sport, Hamburg Referat Unternehmensdaten und Statistik Sachgebiet Statistik - V 121",,nicht bekannt,,,,,x,,,,,,,,,x,,,,,,,,,,,,https://www.hamburg.de/contentblob/349082/data/ex-zahl-kl-schueler-schulform-2005-06.xls
g ,hamburg.de,EXCEL-Datei (56 KB),XLS,Tabelle: Variantengegenüberstellung,,nicht bekannt,,,,,,,x,,,,,,,,,x,,,,,,,,,,http://www.hamburg.de/contentblob/75066/data/verkehr-variantengegenueberstellung-argus-excel-datei.xls
b ,hamburg.de,www.hamburg.de,XLSX,"Bericht der Behörde für Wissenschaft und Forschung über Zuwendungen in Form von Sponsoring, Spenden und mäzenatischen Schenkungen",,nicht bekannt,,,,,x,x,,,,,,,,,,,,,,,,,,,11/26/2013. 84900. 98921.36. 50000. 100000. 299994.09999999998. 58232.13. 51700. 50000. 100000. 75000. 50000. 1018747.59. 120000. 100000. 150000. 370000. 0. 1018747 ...,http://www.hamburg.de/contentblob/4141646/data/bwf-sponsoringbericht-1-halbjahr-2013.xlsx
d,hamburg.de,Endgültiges Ergebnis der Bundestagswahl 2013 in den Hamburger Wahlbezirken (Erststimmen),CSV,Ergebnisse der Bundestagswahl 2013 in den Hamburger Wahlbezirken nach Erststimmen ohne Briefwahl in Prozent.,,dl-de-by-1.0,,Statistisches Amt für Hamburg und Schleswig-Holstein,,,,,,,,,,,,,,,,x,,,,,,,,http://www.statistik-nord.de/wahlen/wahlen-in-hamburg/bundestagswahlen/2013/
d,hamburg.de,Organigramm der Behörde für Schule und Berufsbildung (aktuell),PDF,Organigramm der Behörde für Schule und Berufsbildung.,,dl-de-by-1.0,,Behörde für Schule und Berufsbildung,,,,x,,,,,,,,,,,,,,,,,x,,,http://www.hamburg.de/bsb
g ,hamburg.de,Ausländer_Aussiedler,XLS,Anteil der Schülerinnen und Schüler (nur Ausländer und Aussiedler) an allgemein bildenden Schulen in Hamburg,,nicht bekannt,,,,,x,,,,,,,,,,,,,,,,,,,,,http://www.hamburg.de/contentblob/349284/data/ex-anteil-auslaendische-schueler.xls
d,hamburg.de,"Organigramm der Behörde für Wirtschaft, Verkehr und Innovation (aktuell)",PDF,"Organigramm der Behörde für Wirtschaft, Verkehr und Innovation",,dl-de-by-1.0,,"Behörde für Wirtschaft, Verkehr und Innovation",,,,x,,,,,,,,,,,,,,,,,x,,,http://www.hamburg.de/bwvi
g ,hamburg.de,"Kurzübersicht » (VND.MS-EXCEL, 37,5 KB)",XLS,Kurzübersicht zum Interessenbekundungsverfahren für das Grundstück Rispengrasweg (sonst s. Nr. 2),,nicht bekannt,,,,,,,x,x,,,,,,,,,,,,,,,,,,http://www.hamburg.de/contentblob/4099982/data/kurzuebersicht.xls
g ,hamburg.de,,XLS,Vollstationäre Krankenhausfälle (Wohnort Hamburg); 2008,2008,nicht bekannt,,Krankenhausdiagnosestatistik der BSG; eigene Berechnungen    ,,,,,,,,,x,,,,,,,,,,,,,,,http://www.hamburg.de/contentblob/1962798/data/tab-3-25-2008.xls
d,hamburg.de,Hamburger Wasserschutzgebiete,"GML,WMS,","Analoge Karten und digitale Daten zu den Grenzen der Hamburger Wasserschutzgebiete und der einzelnen Schutzzonen, in die sie untergliedert sind.
Die Daten werden als WMS-Darstellungsdienst und als WFS-Downloaddienst bereitgestellt.",,dl-de-by-1.0,,"Behörde für Stadtentwicklung und Umwelt, Amt für Umweltschutz",,,,,,,,,,,,,x,,,,,,,,,,,http://www.hamburg.de/wasserschutzgebiete/
g ,hamburg.de,Schuljahreserhebung  2013,XLSX,"Behörde für Schule und Berufsbildung, Referat Datenmanagement, Sachgebiet Datenerhebung und -bereitstellung - Schulentlassene aus hambruger allgemeinbildenden Schulen im Schuljahr 2012-13 nach Schulform und Abschlussart",,nicht bekannt,,,,,x,,,,,,,,,,,,,,,,,,,,,http://www.hamburg.de/contentblob/4263012/data/as-schulentlassene-2013-excel.xlsx
g ,hamburg.de,,XLS,"Vermeidbare Sterbefälle nach ausgewählten Diagnosen und Geschlecht, Hamburg, 2005",2005,nicht bekannt,,Statistisches Amt für Hamburg und Schleswig-Holstein; eigene Berechnungen ,,x,,,,,,,,,,,,,,,,,,,,,,http://www.hamburg.de/contentblob/1333842/data/tab-3-13-2005.xls
g ,hamburg.de,Schuljahreserhebung 2013,XLSX,"Behörde für Schule und Berufsbildung, Referat Datenmanagement, Sachgebiet Datenerhebung und -bereitstellung - Schülerinnen und Schüler, die im Schuljahr 2013-14 für den Schulbesuch im Ausland sind",,nicht bekannt,,,,,x,,,,,,,,,,,,,,,,,,,,,http://www.hamburg.de/contentblob/4262840/data/as-beurlaubte-schueler-excel.xlsx
d,hamburg.de,Hamburger Wohnlagenverzeichnis,GML,"Das Hamburger Wohnlagenverzeichnis ist eine Auflistung aller bewerteten
Straßenabschnitte (Blockseiten) in Hamburger Wohngebieten. Es handelt sich hierbei nicht um ein amtliches Verzeichnis, sondern es ist ausschließlich zu einer sachgerechten Einstufung von Mietwohnungen in die Wohnlagekategorien ""gut"" oder ""normal"" als Grundlage zur Erstellung des Hamburger Mietenspiegels bestimmt. Unschärfen in der Abgrenzung bei den rund 24.000 bewerteten Straßenabschnitten werden durch die Vielzahl der bei der Erstellung des Mietenspiegels verwendeten Daten ausgeglichen.
Für die Bewertung von einzelnen Mietwohnungen kann das Wohnlagenverzeichnis nur eine grobe Orientierung geben. Sie muss durch die in der jeweiligen Fassung des Mietenspiegels genannten Lagequalitäten in Verbindung mit Ortskenntnissen überprüft werden.
Die Spalten Hausnr./Art begrenzen in Verbindung mit dem Straßennamen den
bewerteten Straßenabschnitt. Es gibt Straßenabschnitte mit ungerader, gerader und Sonderfälle mit unregelmäßiger bzw. fortlaufender Hausnummerierung.
Die erste Hausnummer einer Zeile ist die niedrigste, die zweite Hausnummer
die höchste eines Straßenabschnittes. Je nach Nummerierung (gerade,
ungerade oder sonstige) sind die dazwischenliegenden Hausnummern einer
Zeile zu zuordnen.
Auskünfte zur pauschalen Bewertung werden in den Wohnungsabteilungen
der Einwohnerämter erteilt.",,dl-de-by-1.0,,"Behörde für Stadtentwicklung und Umwelt, Amt für Wohnen, Stadterneuerung und Bodenordnung",,,,,x,x,,,,,,,,,,,,,,,,,,http://www.hamburg.de/wohnlage/
g ,hamburg.de,Info,XLS,Staatenverzeichnis,,nicht bekannt,,,,x,,,,,,,,,,,,,,,,,,,x,,,http://www.hamburg.de/contentblob/2837050/data/staaten.xls
g ,hamburg.de,Baufertigstellungen und Bestand,XLS,15. Baufertigstellungen und Bestand 2011,,nicht bekannt,,Statistikamt Nord,,,,,x,,,,,,,,,,,,,,,,,,,http://metropolregion.hamburg.de/contentblob/3922352/data/tabelle15.xls
g ,hamburg.de,Schulen,XLS,Schulverzeichnis,,nicht bekannt,,,,,x,,,,,,,,,,,,,,,,,,,,,http://www.hamburg.de/contentblob/2836684/data/schulen.xls
d,hamburg.de,Maßnahmen nach Wasserrahmenrichtlinie,PDF,"Die Wasserwirtschaftlichen Maßnahmen beschreiben Aktivitäten, die auf bestimmten Gewässerabschnitten stattfinden, um die Qualität dort zu verbessern und die Vorgaben der Wasserrahmenrichtlinie zu erreichen. Die Zuordnung zu den Gewässern und Gewässerabschnitten erfolgt auf Basis der Stammdaten des Topologischen Gewässernetzes (RW SEG GEOM).",,dl-de-by-1.0,,"Behörde für Stadtentwicklung und Umwelt, Amt für Umweltschutz",,,,,,,,,,,,,x,,,,,,,,,,,http://www.hamburg.de/wrrl/
g ,hamburg.de,"Realsteuerhebesätze, Schulden und Kaufwerte für Bauland",XLS,"11. Realsteuerhebesätze, Schulden und Kaufwerte für Bauland im Jahr 2009-2010-2011",,nicht bekannt,,"Statistikamt Nord, Statistische Landesämter Niedersachsen und Mecklenburg-Vorpommern",,,,x,x,,,,,,,,,,,,,,,,,,,http://metropolregion.hamburg.de/contentblob/3922344/data/tabelle11.xls
b ,hamburg.de,www.hamburg.de,XLS,"Schülerinnen und Schüler in Hamburger allgemeinbildenden Schulen im Schuljahr 2010/11 differenziert nach Staatsbürgerschaft, Schulform und Schulstufe",,nicht bekannt,,"Behörde für Schule und Berufsbildung, Referat für Unternehmensdaten und Statistik",,,x,,,,,,,,,,,,,,,,,,,,Anlage 6 staatlich Elementarstufe Primarstufe Stufe 5 und 6 Sekundarstufe I Sekundarstufe II Vorschulklasse Grundschule Stadtteilschule Gesamtschule,http://www.hamburg.de/contentblob/2084102/data/schueler-nicht-deutsch-schulstufen-ex.xls
b ,hamburg.de,www.hamburg.de,XLS,Erläuterungen und Hinweise zum Ausfüllen des Rechnungsblattes zum Zahlungsantrag (ELER) nach Art. 3 der Verordnung (EG) Nr. 1975/2006,,nicht bekannt,,,,,,x,,,,,,,,,,,,,,,,,,,Author: RabeAnd Last modified by: Andre Rabe Created Date: 2/1/2008 9:21:15 AM Company. Other titles: Erläuterungen und Hinweise Rechnungsblatt_PC_A4.xls ...,http://www.hamburg.de/contentblob/1010154/data/rechnungsblatt-eler.xls
